Name,LSFormula,RT,MainIon,Calc Mass,Class,FA,FA Group Key,C,H,N,O,P,S,Formula
CerP(d21:2_18:0+O),C39 H76 O7 N1 P1,11.352,+H,701.5359,CerP,d21:2_18:0+O,d39:2+O,39,76,1,7,1,,C39H76NO7P
CerP(d21:2_18:0+O),C39 H76 O7 N1 P1,12.969,+H,701.5359,CerP,d21:2_18:0+O,d39:2+O,39,76,1,7,1,,C39H76NO7P
CerP(d22:1_18:2+2O),C40 H76 O8 N1 P1,8.441,+H,729.5309,CerP,d22:1_18:2+2O,d40:3+2O,40,76,1,8,1,,C40H76NO8P
CerP(d40:3+2O),C40 H76 O8 N1 P1,27.105,+H,729.5309,CerP,d40:3+2O,d40:3+2O,40,76,1,8,1,,C40H76NO8P
CerP(m22:0_19:0),C41 H84 O5 N1 P1,4.763,+H,701.6087,CerP,m22:0_19:0,m41:0,41,84,1,5,1,,C41H84NO5P
CerP(t17:1_16:1+2O),C33 H64 O9 N1 P1,3.874,+H,649.4319,CerP,t17:1_16:1+2O,t33:2+2O,33,64,1,9,1,,C33H64NO9P
CerP(t17:1_18:2+2O),C35 H66 O9 N1 P1,3.956,+H,675.4475,CerP,t17:1_18:2+2O,t35:3+2O,35,66,1,9,1,,C35H66NO9P
CerP(t38:1+O),C38 H76 O8 N1 P1,8.66,+H,705.5309,CerP,t38:1+O,t38:1+O,38,76,1,8,1,,C38H76NO8P
DG(16:2),C19 H32 O5,1.309,+H,340.225,DG,16:2,16:2,19,32,0,5,0,,C19H32O5
DG(18:2e),C21 H38 O4,1.705,+H,354.277,DG,18:2e,18:2e,21,38,0,4,0,,C21H38O4
DG(20:2e),C23 H42 O4,17.476,+H,382.3083,DG,20:2e,20:2e,23,42,0,4,0,,C23H42O4
DG(20:3e),C23 H40 O4,16.02,+H,380.2927,DG,20:3e,20:3e,23,40,0,4,0,,C23H40O4
DG(22:3e),C25 H44 O4,17.478,+H,408.324,DG,22:3e,22:3e,25,44,0,4,0,,C25H44O4
DG(32:3e),C35 H64 O4,7.835,+H,548.4805,DG,32:3e,32:3e,35,64,0,4,0,,C35H64O4
DG(32:3e),C35 H64 O4,12.806,+H,548.4805,DG,32:3e,32:3e,35,64,0,4,0,,C35H64O4
DG(32:3e),C35 H64 O4,16.038,+H,548.4805,DG,32:3e,32:3e,35,64,0,4,0,,C35H64O4
DG(32:3e),C35 H64 O4,20.545,+H,548.4805,DG,32:3e,32:3e,35,64,0,4,0,,C35H64O4
DG(32:4e),C35 H62 O4,6.529,+H,546.4648,DG,32:4e,32:4e,35,62,0,4,0,,C35H62O4
DG(32:4e),C35 H62 O4,7.808,+H,546.4648,DG,32:4e,32:4e,35,62,0,4,0,,C35H62O4
DG(34:3e),C37 H68 O4,11.637,+H,576.5118,DG,34:3e,34:3e,37,68,0,4,0,,C37H68O4
DG(34:3e),C37 H68 O4,15.125,+H,576.5118,DG,34:3e,34:3e,37,68,0,4,0,,C37H68O4
DG(34:3e),C37 H68 O4,17.469,+H,576.5118,DG,34:3e,34:3e,37,68,0,4,0,,C37H68O4
DG(34:3e),C37 H68 O4,21.369,+H,576.5118,DG,34:3e,34:3e,37,68,0,4,0,,C37H68O4
DG(34:4e),C37 H66 O4,8.003,+H,574.4961,DG,34:4e,34:4e,37,66,0,4,0,,C37H66O4
DG(34:4e),C37 H66 O4,8.558,+H,574.4961,DG,34:4e,34:4e,37,66,0,4,0,,C37H66O4
DG(34:4e),C37 H66 O4,9.652,+H,574.4961,DG,34:4e,34:4e,37,66,0,4,0,,C37H66O4
DG(34:5e),C37 H64 O4,7.506,+H,572.4805,DG,34:5e,34:5e,37,64,0,4,0,,C37H64O4
DG(36:5e),C39 H68 O4,8.367,+H,600.5118,DG,36:5e,36:5e,39,68,0,4,0,,C39H68O4
DG(36:6e),C39 H66 O4,7.357,+H,598.4961,DG,36:6e,36:6e,39,66,0,4,0,,C39H66O4
DG(42:3),C45 H82 O5,4.754,+H,702.6162,DG,42:3,42:3,45,82,0,5,0,,C45H82O5
DG(6:0_10:1),C19 H34 O5,1.159,+H,342.2406,DG,6:0_10:1,16:1,19,34,0,5,0,,C19H34O5
DG(8:0_8:0),C19 H36 O5,1.368,+H,344.2563,DG,8:0_8:0,16:0,19,36,0,5,0,,C19H36O5
LPC(12:0),C20 H42 O7 N1 P1,1.491,+H,439.2699,LPC,12:0,12:0,20,42,1,7,1,,C20H42NO7P
LPC(14:0),C22 H46 O7 N1 P1,1.967,+H,467.3012,LPC,14:0,14:0,22,46,1,7,1,,C22H46NO7P
LPC(14:1),C22 H44 O7 N1 P1,1.61,+H,465.2855,LPC,14:1,14:1,22,44,1,7,1,,C22H44NO7P
LPC(16:0),C24 H50 O7 N1 P1,1.796,+H,495.3325,LPC,16:0,16:0,24,50,1,7,1,,C24H50NO7P
LPC(16:0),C24 H50 O7 N1 P1,2.809,+H,495.3325,LPC,16:0,16:0,24,50,1,7,1,,C24H50NO7P
LPC(16:0),C24 H50 O7 N1 P1,3.53,+H,495.3325,LPC,16:0,16:0,24,50,1,7,1,,C24H50NO7P
LPC(16:1),C24 H48 O7 N1 P1,1.505,+H,493.3168,LPC,16:1,16:1,24,48,1,7,1,,C24H48NO7P
LPC(16:1),C24 H48 O7 N1 P1,2.106,+H,493.3168,LPC,16:1,16:1,24,48,1,7,1,,C24H48NO7P
LPC(16:1),C24 H48 O7 N1 P1,2.244,+H,493.3168,LPC,16:1,16:1,24,48,1,7,1,,C24H48NO7P
LPC(16:1),C24 H48 O7 N1 P1,27.134,+H,493.3168,LPC,16:1,16:1,24,48,1,7,1,,C24H48NO7P
LPC(16:2),C24 H46 O7 N1 P1,1.787,+H,491.3012,LPC,16:2,16:2,24,46,1,7,1,,C24H46NO7P
LPC(16:3),C24 H44 O7 N1 P1,1.51,+H,489.2855,LPC,16:3,16:3,24,44,1,7,1,,C24H44NO7P
LPC(17:0),C25 H52 O7 N1 P1,3.112,+H,509.3481,LPC,17:0,17:0,25,52,1,7,1,,C25H52NO7P
LPC(17:1),C25 H50 O7 N1 P1,2.511,+H,507.3325,LPC,17:1,17:1,25,50,1,7,1,,C25H50NO7P
LPC(18:0),C26 H54 O7 N1 P1,4.054,+H,523.3638,LPC,18:0,18:0,26,54,1,7,1,,C26H54NO7P
LPC(18:1),C26 H52 O7 N1 P1,1.942,+H,521.3481,LPC,18:1,18:1,26,52,1,7,1,,C26H52NO7P
LPC(18:1),C26 H52 O7 N1 P1,2.963,+H,521.3481,LPC,18:1,18:1,26,52,1,7,1,,C26H52NO7P
LPC(18:1),C26 H52 O7 N1 P1,2.976,+H,521.3481,LPC,18:1,18:1,26,52,1,7,1,,C26H52NO7P
LPC(18:1),C26 H52 O7 N1 P1,3.293,+H,521.3481,LPC,18:1,18:1,26,52,1,7,1,,C26H52NO7P
LPC(18:2),C26 H50 O7 N1 P1,1.566,+H,519.3325,LPC,18:2,18:2,26,50,1,7,1,,C26H50NO7P
LPC(18:2),C26 H50 O7 N1 P1,2.327,+H,519.3325,LPC,18:2,18:2,26,50,1,7,1,,C26H50NO7P
LPC(18:3),C26 H48 O7 N1 P1,1.902,+H,517.3168,LPC,18:3,18:3,26,48,1,7,1,,C26H48NO7P
LPC(18:4),C26 H46 O7 N1 P1,1.659,+H,515.3012,LPC,18:4,18:4,26,46,1,7,1,,C26H46NO7P
LPC(20:1),C28 H56 O7 N1 P1,4.009,+H,549.3794,LPC,20:1,20:1,28,56,1,7,1,,C28H56NO7P
PC(16:0_12:0),C36 H72 O8 N1 P1,7.213,+H,677.4996,PC,16:0_12:0,28:0,36,72,1,8,1,,C36H72NO8P
PC(16:0_14:0),C38 H76 O8 N1 P1,8.867,+H,705.5309,PC,16:0_14:0,30:0,38,76,1,8,1,,C38H76NO8P
PC(16:0_16:0),C40 H80 O8 N1 P1,10.942,+H,733.5622,PC,16:0_16:0,32:0,40,80,1,8,1,,C40H80NO8P
PC(16:0_16:1),C40 H78 O8 N1 P1,8.788,+H,731.5465,PC,16:0_16:1,32:1,40,78,1,8,1,,C40H78NO8P
PC(16:0_16:1),C40 H78 O8 N1 P1,9.038,+H,731.5465,PC,16:0_16:1,32:1,40,78,1,8,1,,C40H78NO8P
PC(16:0_16:1),C40 H78 O8 N1 P1,9.322,+H,731.5465,PC,16:0_16:1,32:1,40,78,1,8,1,,C40H78NO8P
PC(16:0_16:1),C40 H78 O8 N1 P1,9.533,+H,731.5465,PC,16:0_16:1,32:1,40,78,1,8,1,,C40H78NO8P
PC(16:0_18:1),C42 H82 O8 N1 P1,11.088,+H,759.5778,PC,16:0_18:1,34:1,42,82,1,8,1,,C42H82NO8P
PC(16:0_18:1),C42 H82 O8 N1 P1,11.164,+H,759.5778,PC,16:0_18:1,34:1,42,82,1,8,1,,C42H82NO8P
PC(16:0_18:1),C42 H82 O8 N1 P1,11.394,+H,759.5778,PC,16:0_18:1,34:1,42,82,1,8,1,,C42H82NO8P
PC(16:0_18:3),C42 H78 O8 N1 P1,8.36,+H,755.5465,PC,16:0_18:3,34:3,42,78,1,8,1,,C42H78NO8P
PC(16:0_18:3),C42 H78 O8 N1 P1,8.994,+H,755.5465,PC,16:0_18:3,34:3,42,78,1,8,1,,C42H78NO8P
PC(16:1),C24 H46 O8 N1 P1,1.315,+H,507.2961,PC,16:1,16:1,24,46,1,8,1,,C24H46NO8P
PC(16:1_14:0),C38 H74 O8 N1 P1,7.349,+H,703.5152,PC,16:1_14:0,30:1,38,74,1,8,1,,C38H74NO8P
PC(16:1_14:1),C38 H72 O8 N1 P1,6.327,+H,701.4996,PC,16:1_14:1,30:2,38,72,1,8,1,,C38H72NO8P
PC(16:1_16:1),C40 H76 O8 N1 P1,7.466,+H,729.5309,PC,16:1_16:1,32:2,40,76,1,8,1,,C40H76NO8P
PC(16:1_16:1),C40 H76 O8 N1 P1,8.615,+H,729.5309,PC,16:1_16:1,32:2,40,76,1,8,1,,C40H76NO8P
PC(16:1_17:0),C41 H80 O8 N1 P1,9.577,+H,745.5622,PC,16:1_17:0,33:1,41,80,1,8,1,,C41H80NO8P
PC(16:1_18:1),C42 H80 O8 N1 P1,9.175,+H,757.5622,PC,16:1_18:1,34:2,42,80,1,8,1,,C42H80NO8P
PC(16:1_18:1),C42 H80 O8 N1 P1,9.233,+H,757.5622,PC,16:1_18:1,34:2,42,80,1,8,1,,C42H80NO8P
PC(16:1_18:1),C42 H80 O8 N1 P1,9.261,+H,757.5622,PC,16:1_18:1,34:2,42,80,1,8,1,,C42H80NO8P
PC(16:1_18:1),C42 H80 O8 N1 P1,9.298,+H,757.5622,PC,16:1_18:1,34:2,42,80,1,8,1,,C42H80NO8P
PC(16:1_18:1),C42 H80 O8 N1 P1,9.337,+H,757.5622,PC,16:1_18:1,34:2,42,80,1,8,1,,C42H80NO8P
PC(16:1_18:1),C42 H80 O8 N1 P1,9.433,+H,757.5622,PC,16:1_18:1,34:2,42,80,1,8,1,,C42H80NO8P
PC(16:1_18:1),C42 H80 O8 N1 P1,9.549,+H,757.5622,PC,16:1_18:1,34:2,42,80,1,8,1,,C42H80NO8P
PC(16:1_18:1),C42 H80 O8 N1 P1,27.5,+H,757.5622,PC,16:1_18:1,34:2,42,80,1,8,1,,C42H80NO8P
PC(16:1_18:2),C42 H78 O8 N1 P1,7.817,+H,755.5465,PC,16:1_18:2,34:3,42,78,1,8,1,,C42H78NO8P
PC(16:1_18:3),C42 H76 O8 N1 P1,6.817,+H,753.5309,PC,16:1_18:3,34:4,42,76,1,8,1,,C42H76NO8P
PC(16:2_18:2),C42 H76 O8 N1 P1,7.601,+H,753.5309,PC,16:2_18:2,34:4,42,76,1,8,1,,C42H76NO8P
PC(17:0_18:1),C43 H84 O8 N1 P1,11.742,+H,773.5935,PC,17:0_18:1,35:1,43,84,1,8,1,,C43H84NO8P
PC(17:0_18:1),C43 H84 O8 N1 P1,12.395,+H,773.5935,PC,17:0_18:1,35:1,43,84,1,8,1,,C43H84NO8P
PC(17:1_18:1),C43 H82 O8 N1 P1,10.188,+H,771.5778,PC,17:1_18:1,35:2,43,82,1,8,1,,C43H82NO8P
PC(18:0_16:0),C42 H84 O8 N1 P1,13.467,+H,761.5935,PC,18:0_16:0,34:0,42,84,1,8,1,,C42H84NO8P
PC(18:0_17:0),C43 H86 O8 N1 P1,12.679,+H,775.6091,PC,18:0_17:0,35:0,43,86,1,8,1,,C43H86NO8P
PC(18:0_18:1),C44 H86 O8 N1 P1,13.65,+H,787.6091,PC,18:0_18:1,36:1,44,86,1,8,1,,C44H86NO8P
PC(18:0_18:2),C44 H84 O8 N1 P1,11.385,+H,785.5935,PC,18:0_18:2,36:2,44,84,1,8,1,,C44H84NO8P
PC(18:0_18:3),C44 H82 O8 N1 P1,10.295,+H,783.5778,PC,18:0_18:3,36:3,44,82,1,8,1,,C44H82NO8P
PC(18:0e_18:3),C44 H84 O7 N1 P1,11.858,+H,769.5985,PC,18:0e_18:3,36:3e,44,84,1,7,1,,C44H84NO7P
PC(18:1_18:1),C44 H84 O8 N1 P1,11.253,+H,785.5935,PC,18:1_18:1,36:2,44,84,1,8,1,,C44H84NO8P
PC(18:1_18:1),C44 H84 O8 N1 P1,11.335,+H,785.5935,PC,18:1_18:1,36:2,44,84,1,8,1,,C44H84NO8P
PC(18:1_18:1),C44 H84 O8 N1 P1,11.338,+H,785.5935,PC,18:1_18:1,36:2,44,84,1,8,1,,C44H84NO8P
PC(18:1_18:2),C44 H82 O8 N1 P1,9.59,+H,783.5778,PC,18:1_18:2,36:3,44,82,1,8,1,,C44H82NO8P
PC(18:1_18:3),C44 H80 O8 N1 P1,8.349,+H,781.5622,PC,18:1_18:3,36:4,44,80,1,8,1,,C44H80NO8P
PC(18:1_18:3),C44 H80 O8 N1 P1,9.332,+H,781.5622,PC,18:1_18:3,36:4,44,80,1,8,1,,C44H80NO8P
PC(18:2_14:1),C40 H74 O8 N1 P1,6.662,+H,727.5152,PC,18:2_14:1,32:3,40,74,1,8,1,,C40H74NO8P
PC(18:3_18:2),C44 H78 O8 N1 P1,7.115,+H,779.5465,PC,18:3_18:2,36:5,44,78,1,8,1,,C44H78NO8P
PC(18:3_18:2),C44 H78 O8 N1 P1,7.887,+H,779.5465,PC,18:3_18:2,36:5,44,78,1,8,1,,C44H78NO8P
PC(18:3_18:3),C44 H76 O8 N1 P1,6.242,+H,777.5309,PC,18:3_18:3,36:6,44,76,1,8,1,,C44H76NO8P
PC(18:3_18:3),C44 H76 O8 N1 P1,6.93,+H,777.5309,PC,18:3_18:3,36:6,44,76,1,8,1,,C44H76NO8P
PC(19:0_18:1),C45 H88 O8 N1 P1,14.194,+H,801.6248,PC,19:0_18:1,37:1,45,88,1,8,1,,C45H88NO8P
PC(20:0_18:1),C46 H90 O8 N1 P1,14.731,+H,815.6404,PC,20:0_18:1,38:1,46,90,1,8,1,,C46H90NO8P
PC(20:0_18:1),C46 H90 O8 N1 P1,15.857,+H,815.6404,PC,20:0_18:1,38:1,46,90,1,8,1,,C46H90NO8P
PC(20:0e_14:1),C42 H84 O7 N1 P1,12.953,+H,745.5985,PC,20:0e_14:1,34:1e,42,84,1,7,1,,C42H84NO7P
PC(20:1_18:1),C46 H88 O8 N1 P1,13.611,+H,813.6248,PC,20:1_18:1,38:2,46,88,1,8,1,,C46H88NO8P
PC(22:1_12:1),C42 H80 O8 N1 P1,26.938,+H,757.5622,PC,22:1_12:1,34:2,42,80,1,8,1,,C42H80NO8P
PC(25:1_8:0),C41 H80 O8 N1 P1,10.14,+H,745.5622,PC,25:1_8:0,33:1,41,80,1,8,1,,C41H80NO8P
PC(32:2),C40 H76 O8 N1 P1,10.578,+H,729.5309,PC,32:2,32:2,40,76,1,8,1,,C40H76NO8P
PC(34:1),C42 H82 O8 N1 P1,26.944,+H,759.5778,PC,34:1,34:1,42,82,1,8,1,,C42H82NO8P
PC(34:1),C42 H82 O8 N1 P1,27.535,+H,759.5778,PC,34:1,34:1,42,82,1,8,1,,C42H82NO8P
PC(34:2),C42 H80 O8 N1 P1,11.527,+H,757.5622,PC,34:2,34:2,42,80,1,8,1,,C42H80NO8P
PC(36:1),C44 H86 O8 N1 P1,14.961,+H,787.6091,PC,36:1,36:1,44,86,1,8,1,,C44H86NO8P
PC(36:1e),C44 H88 O7 N1 P1,15.269,+H,773.6298,PC,36:1e,36:1e,44,88,1,7,1,,C44H88NO7P
PC(36:2),C44 H84 O8 N1 P1,27.12,+H,785.5935,PC,36:2,36:2,44,84,1,8,1,,C44H84NO8P
PC(38:2),C46 H88 O8 N1 P1,14.338,+H,813.6248,PC,38:2,38:2,46,88,1,8,1,,C46H88NO8P
PC(4:0_12:0),C24 H48 O8 N1 P1,1.41,+H,509.3118,PC,4:0_12:0,16:0,24,48,1,8,1,,C24H48NO8P
PC(6:0_11:3),C25 H44 O8 N1 P1,1.133,+H,517.2805,PC,6:0_11:3,17:3,25,44,1,8,1,,C25H44NO8P
PC(6:0_22:1),C36 H70 O8 N1 P1,6.013,+H,675.4839,PC,6:0_22:1,28:1,36,70,1,8,1,,C36H70NO8P
PC(8:0_10:1),C26 H50 O8 N1 P1,1.557,+H,535.3274,PC,8:0_10:1,18:1,26,50,1,8,1,,C26H50NO8P
PC(8:0_22:3),C38 H70 O8 N1 P1,6.22,+H,699.4839,PC,8:0_22:3,30:3,38,70,1,8,1,,C38H70NO8P
PC(8:0_24:2),C40 H76 O8 N1 P1,7.592,+H,729.5309,PC,8:0_24:2,32:2,40,76,1,8,1,,C40H76NO8P
PC(8:0_24:2),C40 H76 O8 N1 P1,7.69,+H,729.5309,PC,8:0_24:2,32:2,40,76,1,8,1,,C40H76NO8P
PC(8:0_24:2),C40 H76 O8 N1 P1,26.909,+H,729.5309,PC,8:0_24:2,32:2,40,76,1,8,1,,C40H76NO8P
PC(8:0e_10:0),C26 H54 O7 N1 P1,3.883,+H,523.3638,PC,8:0e_10:0,18:0e,26,54,1,7,1,,C26H54NO7P
PC(8:0e_8:0),C24 H50 O7 N1 P1,3.042,+H,495.3325,PC,8:0e_8:0,16:0e,24,50,1,7,1,,C24H50NO7P
PC(8:1e_10:1),C26 H50 O7 N1 P1,2.326,+H,519.3325,PC,8:1e_10:1,18:2e,26,50,1,7,1,,C26H50NO7P
PC(8:1e_8:0),C24 H48 O7 N1 P1,2.105,+H,493.3168,PC,8:1e_8:0,16:1e,24,48,1,7,1,,C24H48NO7P
PC(8:1e_9:0),C25 H50 O7 N1 P1,2.672,+H,507.3325,PC,8:1e_9:0,17:1e,25,50,1,7,1,,C25H50NO7P
PC(9:0_9:0),C26 H52 O8 N1 P1,1.782,+H,537.3431,PC,9:0_9:0,18:0,26,52,1,8,1,,C26H52NO8P
PE(10:0e_6:0),C21 H44 O7 N1 P1,2.115,+H,453.2855,PE,10:0e_6:0,16:0e,21,44,1,7,1,,C21H44NO7P
PE(10:0e_6:0),C21 H44 O7 N1 P1,3.126,+H,453.2855,PE,10:0e_6:0,16:0e,21,44,1,7,1,,C21H44NO7P
PE(10:0e_6:0),C21 H44 O7 N1 P1,3.647,+H,453.2855,PE,10:0e_6:0,16:0e,21,44,1,7,1,,C21H44NO7P
PE(10:0p_6:0),C21 H42 O7 N1 P1,1.549,+H,451.2699,PE,10:0p_6:0,16:0p,21,42,1,7,1,,C21H42NO7P
PE(10:0p_6:0),C21 H42 O7 N1 P1,2.19,+H,451.2699,PE,10:0p_6:0,16:0p,21,42,1,7,1,,C21H42NO7P
PE(10:0p_6:0),C21 H42 O7 N1 P1,2.767,+H,451.2699,PE,10:0p_6:0,16:0p,21,42,1,7,1,,C21H42NO7P
PE(10:1e_10:0),C25 H50 O7 N1 P1,4.103,+H,507.3325,PE,10:1e_10:0,20:1e,25,50,1,7,1,,C25H50NO7P
PE(12:0p_22:0),C39 H78 O7 N1 P1,13.428,+H,703.5516,PE,12:0p_22:0,34:0p,39,78,1,7,1,,C39H78NO7P
PE(12:0p_24:0),C41 H82 O7 N1 P1,15.561,+H,731.5829,PE,12:0p_24:0,36:0p,41,82,1,7,1,,C41H82NO7P
PE(12:0p_24:0),C41 H82 O7 N1 P1,16.571,+H,731.5829,PE,12:0p_24:0,36:0p,41,82,1,7,1,,C41H82NO7P
PE(12:0p_24:1),C41 H80 O7 N1 P1,13.315,+H,729.5672,PE,12:0p_24:1,36:1p,41,80,1,7,1,,C41H80NO7P
PE(12:0p_6:0),C23 H46 O7 N1 P1,2.065,+H,479.3012,PE,12:0p_6:0,18:0p,23,46,1,7,1,,C23H46NO7P
PE(12:0p_6:0),C23 H46 O7 N1 P1,3.108,+H,479.3012,PE,12:0p_6:0,18:0p,23,46,1,7,1,,C23H46NO7P
PE(12:0p_6:0),C23 H46 O7 N1 P1,3.685,+H,479.3012,PE,12:0p_6:0,18:0p,23,46,1,7,1,,C23H46NO7P
PE(16:0_16:0),C37 H74 O8 N1 P1,11.433,+H,691.5152,PE,16:0_16:0,32:0,37,74,1,8,1,,C37H74NO8P
PE(16:0_16:1),C37 H72 O8 N1 P1,9.486,+H,689.4996,PE,16:0_16:1,32:1,37,72,1,8,1,,C37H72NO8P
PE(16:0_16:1),C37 H72 O8 N1 P1,10.732,+H,689.4996,PE,16:0_16:1,32:1,37,72,1,8,1,,C37H72NO8P
PE(16:0_18:1),C39 H76 O8 N1 P1,11.614,+H,717.5309,PE,16:0_18:1,34:1,39,76,1,8,1,,C39H76NO8P
PE(16:0_18:1),C39 H76 O8 N1 P1,11.718,+H,717.5309,PE,16:0_18:1,34:1,39,76,1,8,1,,C39H76NO8P
PE(16:0_18:1),C39 H76 O8 N1 P1,11.733,+H,717.5309,PE,16:0_18:1,34:1,39,76,1,8,1,,C39H76NO8P
PE(16:0_18:1),C39 H76 O8 N1 P1,12.207,+H,717.5309,PE,16:0_18:1,34:1,39,76,1,8,1,,C39H76NO8P
PE(16:0_18:1),C39 H76 O8 N1 P1,13.044,+H,717.5309,PE,16:0_18:1,34:1,39,76,1,8,1,,C39H76NO8P
PE(16:0_23:0),C44 H88 O8 N1 P1,15.728,+H,789.6248,PE,16:0_23:0,39:0,44,88,1,8,1,,C44H88NO8P
PE(16:1_14:0),C35 H68 O8 N1 P1,7.627,+H,661.4683,PE,16:1_14:0,30:1,35,68,1,8,1,,C35H68NO8P
PE(16:1_16:1),C37 H70 O8 N1 P1,7.795,+H,687.4839,PE,16:1_16:1,32:2,37,70,1,8,1,,C37H70NO8P
PE(16:1_18:1),C39 H74 O8 N1 P1,9.621,+H,715.5152,PE,16:1_18:1,34:2,39,74,1,8,1,,C39H74NO8P
PE(16:1_18:1),C39 H74 O8 N1 P1,9.79,+H,715.5152,PE,16:1_18:1,34:2,39,74,1,8,1,,C39H74NO8P
PE(16:1_18:1),C39 H74 O8 N1 P1,9.871,+H,715.5152,PE,16:1_18:1,34:2,39,74,1,8,1,,C39H74NO8P
PE(16:1_18:1),C39 H74 O8 N1 P1,10.03,+H,715.5152,PE,16:1_18:1,34:2,39,74,1,8,1,,C39H74NO8P
PE(16:1_18:1),C39 H74 O8 N1 P1,10.753,+H,715.5152,PE,16:1_18:1,34:2,39,74,1,8,1,,C39H74NO8P
PE(16:1_18:2),C39 H72 O8 N1 P1,8.154,+H,713.4996,PE,16:1_18:2,34:3,39,72,1,8,1,,C39H72NO8P
PE(16:1_18:2),C39 H72 O8 N1 P1,8.668,+H,713.4996,PE,16:1_18:2,34:3,39,72,1,8,1,,C39H72NO8P
PE(16:1_18:2),C39 H72 O8 N1 P1,9.334,+H,713.4996,PE,16:1_18:2,34:3,39,72,1,8,1,,C39H72NO8P
PE(16:1_18:3),C39 H70 O8 N1 P1,7.09,+H,711.4839,PE,16:1_18:3,34:4,39,70,1,8,1,,C39H70NO8P
PE(16:1_20:1),C41 H78 O8 N1 P1,8.299,+H,743.5465,PE,16:1_20:1,36:2,41,78,1,8,1,,C41H78NO8P
PE(16:4_21:1),C42 H74 O8 N1 P1,6.165,+H,751.5152,PE,16:4_21:1,37:5,42,74,1,8,1,,C42H74NO8P
PE(17:0_19:0),C41 H82 O8 N1 P1,11.559,+H,747.5778,PE,17:0_19:0,36:0,41,82,1,8,1,,C41H82NO8P
PE(17:0e),C22 H46 O7 N1 P1,3.441,+H,467.3012,PE,17:0e,17:0e,22,46,1,7,1,,C22H46NO7P
PE(17:1_16:0),C38 H74 O8 N1 P1,10.819,+H,703.5152,PE,17:1_16:0,33:1,38,74,1,8,1,,C38H74NO8P
PE(17:1_18:1),C40 H76 O8 N1 P1,10.633,+H,729.5309,PE,17:1_18:1,35:2,40,76,1,8,1,,C40H76NO8P
PE(18:0_18:1),C41 H80 O8 N1 P1,14.119,+H,745.5622,PE,18:0_18:1,36:1,41,80,1,8,1,,C41H80NO8P
PE(18:0_18:3),C41 H76 O8 N1 P1,10.01,+H,741.5309,PE,18:0_18:3,36:3,41,76,1,8,1,,C41H76NO8P
PE(18:0_18:3),C41 H76 O8 N1 P1,10.756,+H,741.5309,PE,18:0_18:3,36:3,41,76,1,8,1,,C41H76NO8P
PE(18:0e_18:1),C41 H82 O7 N1 P1,16.521,+H,731.5829,PE,18:0e_18:1,36:1e,41,82,1,7,1,,C41H82NO7P
PE(18:0e_18:2),C41 H80 O7 N1 P1,13.943,+H,729.5672,PE,18:0e_18:2,36:2e,41,80,1,7,1,,C41H80NO7P
PE(18:0e_18:3),C41 H78 O7 N1 P1,12.325,+H,727.5516,PE,18:0e_18:3,36:3e,41,78,1,7,1,,C41H78NO7P
PE(18:0p_18:1),C41 H80 O7 N1 P1,15.221,+H,729.5672,PE,18:0p_18:1,36:1p,41,80,1,7,1,,C41H80NO7P
PE(18:0p_18:2),C41 H78 O7 N1 P1,13.498,+H,727.5516,PE,18:0p_18:2,36:2p,41,78,1,7,1,,C41H78NO7P
PE(18:1_18:1),C41 H78 O8 N1 P1,11.761,+H,743.5465,PE,18:1_18:1,36:2,41,78,1,8,1,,C41H78NO8P
PE(18:1_18:1),C41 H78 O8 N1 P1,12.12,+H,743.5465,PE,18:1_18:1,36:2,41,78,1,8,1,,C41H78NO8P
PE(18:1_18:1),C41 H78 O8 N1 P1,12.284,+H,743.5465,PE,18:1_18:1,36:2,41,78,1,8,1,,C41H78NO8P
PE(18:1_18:1),C41 H78 O8 N1 P1,12.519,+H,743.5465,PE,18:1_18:1,36:2,41,78,1,8,1,,C41H78NO8P
PE(18:1_18:1),C41 H78 O8 N1 P1,13.259,+H,743.5465,PE,18:1_18:1,36:2,41,78,1,8,1,,C41H78NO8P
PE(18:1_18:2),C41 H76 O8 N1 P1,11.418,+H,741.5309,PE,18:1_18:2,36:3,41,76,1,8,1,,C41H76NO8P
PE(18:1p_18:1),C41 H78 O7 N1 P1,12.36,+H,727.5516,PE,18:1p_18:1,36:2p,41,78,1,7,1,,C41H78NO7P
PE(18:2_18:2),C41 H74 O8 N1 P1,8.696,+H,739.5152,PE,18:2_18:2,36:4,41,74,1,8,1,,C41H74NO8P
PE(18:2e_19:0),C42 H82 O7 N1 P1,16.923,+H,743.5829,PE,18:2e_19:0,37:2e,42,82,1,7,1,,C42H82NO7P
PE(18:3_18:2),C41 H72 O8 N1 P1,7.412,+H,737.4996,PE,18:3_18:2,36:5,41,72,1,8,1,,C41H72NO8P
PE(18:3_18:3),C41 H70 O8 N1 P1,6.475,+H,735.4839,PE,18:3_18:3,36:6,41,70,1,8,1,,C41H70NO8P
PE(19:0_18:3),C42 H78 O8 N1 P1,8.36,+H,755.5465,PE,19:0_18:3,37:3,42,78,1,8,1,,C42H78NO8P
PE(19:1_17:0),C41 H80 O8 N1 P1,9.447,+H,745.5622,PE,19:1_17:0,36:1,41,80,1,8,1,,C41H80NO8P
PE(19:1_20:5),C44 H76 O8 N1 P1,6.267,+H,777.5309,PE,19:1_20:5,39:6,44,76,1,8,1,,C44H76NO8P
PE(20:0_18:1),C43 H84 O8 N1 P1,16.104,+H,773.5935,PE,20:0_18:1,38:1,43,84,1,8,1,,C43H84NO8P
PE(20:0e_18:1),C43 H86 O7 N1 P1,17.138,+H,759.6142,PE,20:0e_18:1,38:1e,43,86,1,7,1,,C43H86NO7P
PE(20:0e_18:2),C43 H84 O7 N1 P1,16.033,+H,757.5985,PE,20:0e_18:2,38:2e,43,84,1,7,1,,C43H84NO7P
PE(20:0e_18:3),C43 H82 O7 N1 P1,14.847,+H,755.5829,PE,20:0e_18:3,38:3e,43,82,1,7,1,,C43H82NO7P
PE(20:0p_18:1),C43 H84 O7 N1 P1,16.855,+H,757.5985,PE,20:0p_18:1,38:1p,43,84,1,7,1,,C43H84NO7P
PE(20:1_18:1),C43 H82 O8 N1 P1,14.096,+H,771.5778,PE,20:1_18:1,38:2,43,82,1,8,1,,C43H82NO8P
PE(20:1e_18:1),C43 H84 O7 N1 P1,15.42,+H,757.5985,PE,20:1e_18:1,38:2e,43,84,1,7,1,,C43H84NO7P
PE(20:2e_19:0),C44 H86 O7 N1 P1,13.402,+H,771.6142,PE,20:2e_19:0,39:2e,44,86,1,7,1,,C44H86NO7P
PE(29:1_6:0),C40 H78 O8 N1 P1,26.92,+H,731.5465,PE,29:1_6:0,35:1,40,78,1,8,1,,C40H78NO8P
PE(34:3e),C39 H74 O7 N1 P1,9.996,+H,699.5203,PE,34:3e,34:3e,39,74,1,7,1,,C39H74NO7P
PE(36:3),C41 H76 O8 N1 P1,11.948,+H,741.5309,PE,36:3,36:3,41,76,1,8,1,,C41H76NO8P
PE(37:3e),C42 H80 O7 N1 P1,8.908,+H,741.5672,PE,37:3e,37:3e,42,80,1,7,1,,C42H80NO7P
PE(6:0_12:1),C23 H44 O8 N1 P1,1.605,+H,493.2805,PE,6:0_12:1,18:1,23,44,1,8,1,,C23H44NO8P
PE(8:0_10:0),C23 H46 O8 N1 P1,1.865,+H,495.2961,PE,8:0_10:0,18:0,23,46,1,8,1,,C23H46NO8P
PE(8:0e_10:0),C23 H48 O7 N1 P1,3.541,+H,481.3168,PE,8:0e_10:0,18:0e,23,48,1,7,1,,C23H48NO7P
PE(8:0e_10:0),C23 H48 O7 N1 P1,4.144,+H,481.3168,PE,8:0e_10:0,18:0e,23,48,1,7,1,,C23H48NO7P
PE(8:0e_10:3),C23 H42 O7 N1 P1,1.443,+H,475.2699,PE,8:0e_10:3,18:3e,23,42,1,7,1,,C23H42NO7P
PE(8:0e_10:3),C23 H42 O7 N1 P1,1.96,+H,475.2699,PE,8:0e_10:3,18:3e,23,42,1,7,1,,C23H42NO7P
PE(8:1e_10:0),C23 H46 O7 N1 P1,3.563,+H,479.3012,PE,8:1e_10:0,18:1e,23,46,1,7,1,,C23H46NO7P
PE(8:1e_10:1),C23 H44 O7 N1 P1,1.609,+H,477.2855,PE,8:1e_10:1,18:2e,23,44,1,7,1,,C23H44NO7P
PE(8:1e_10:1),C23 H44 O7 N1 P1,2.415,+H,477.2855,PE,8:1e_10:1,18:2e,23,44,1,7,1,,C23H44NO7P
PE(8:1e_9:0),C22 H44 O7 N1 P1,2.626,+H,465.2855,PE,8:1e_9:0,17:1e,22,44,1,7,1,,C22H44NO7P
PE(9:0_24:2),C38 H72 O8 N1 P1,8.634,+H,701.4996,PE,9:0_24:2,33:2,38,72,1,8,1,,C38H72NO8P
PS(14:1e_19:1),C39 H74 O9 N1 P1,6.452,+H,731.5101,PS,14:1e_19:1,33:2e,39,74,1,9,1,,C39H74NO9P
PS(16:1_18:1),C40 H74 O10 N1 P1,8.145,+H,759.505,PS,16:1_18:1,34:2,40,74,1,10,1,,C40H74NO10P
PS(16:1_18:2),C40 H72 O10 N1 P1,6.983,+H,757.4894,PS,16:1_18:2,34:3,40,72,1,10,1,,C40H72NO10P
PS(16:1_20:1),C42 H78 O10 N1 P1,10.073,+H,787.5363,PS,16:1_20:1,36:2,42,78,1,10,1,,C42H78NO10P
PS(16:1_20:1),C42 H78 O10 N1 P1,10.224,+H,787.5363,PS,16:1_20:1,36:2,42,78,1,10,1,,C42H78NO10P
PS(16:1_20:4),C42 H72 O10 N1 P1,6.535,+H,781.4894,PS,16:1_20:4,36:5,42,72,1,10,1,,C42H72NO10P
PS(16:2_18:0),C40 H74 O10 N1 P1,8.551,+H,759.505,PS,16:2_18:0,34:2,40,74,1,10,1,,C40H74NO10P
PS(16:2_18:0),C40 H74 O10 N1 P1,9.125,+H,759.505,PS,16:2_18:0,34:2,40,74,1,10,1,,C40H74NO10P
PS(18:0_18:1),C42 H80 O10 N1 P1,12.132,+H,789.552,PS,18:0_18:1,36:1,42,80,1,10,1,,C42H80NO10P
PS(18:0_18:1),C42 H80 O10 N1 P1,12.434,+H,789.552,PS,18:0_18:1,36:1,42,80,1,10,1,,C42H80NO10P
PS(18:1_18:1),C42 H78 O10 N1 P1,10.017,+H,787.5363,PS,18:1_18:1,36:2,42,78,1,10,1,,C42H78NO10P
PS(18:1_18:2),C42 H76 O10 N1 P1,8.536,+H,785.5207,PS,18:1_18:2,36:3,42,76,1,10,1,,C42H76NO10P
PS(18:1_18:2),C42 H76 O10 N1 P1,9.15,+H,785.5207,PS,18:1_18:2,36:3,42,76,1,10,1,,C42H76NO10P
PS(18:1_18:2),C42 H76 O10 N1 P1,9.785,+H,785.5207,PS,18:1_18:2,36:3,42,76,1,10,1,,C42H76NO10P
PS(18:1_18:3),C42 H74 O10 N1 P1,7.442,+H,783.505,PS,18:1_18:3,36:4,42,74,1,10,1,,C42H74NO10P
PS(18:3_18:2),C42 H72 O10 N1 P1,6.358,+H,781.4894,PS,18:3_18:2,36:5,42,72,1,10,1,,C42H72NO10P
PS(18:3_18:3),C42 H70 O10 N1 P1,5.639,+H,779.4737,PS,18:3_18:3,36:6,42,70,1,10,1,,C42H70NO10P
PS(25:1_9:0),C40 H76 O10 N1 P1,10.861,+H,761.5207,PS,25:1_9:0,34:1,40,76,1,10,1,,C40H76NO10P
TG(18:0_22:1_22:6),C65 H112 O6,17.553,+H,988.8459,TG,18:0_22:1_22:6,62:7,65,112,0,6,0,,C65H112O6
TG(20:2e_10:3_22:4),C55 H90 O5,4.487,+H,830.6788,TG,20:2e_10:3_22:4,52:9e,55,90,0,5,0,,C55H90O5
CerP(m20:0_21:1),C41 H82 O5 N1 P1,16.024,+H-H2O,699.5931,CerP,m20:0_21:1,m41:1,41,82,1,5,1,,C41H82NO5P
CerP(t38:1+2O),C38 H76 O9 N1 P1,7.373,+H-H2O,721.5258,CerP,t38:1+2O,t38:1+2O,38,76,1,9,1,,C38H76NO9P
Cer(d14:1_20:0),C34 H67 O3 N1,11.218,+HCOO,537.5121,Cer,d14:1_20:0,d34:1,34,67,1,3,0,,C34H67NO3
Cer(d14:2_22:0),C36 H69 O3 N1,12.783,+HCOO,563.5277,Cer,d14:2_22:0,d36:2,36,69,1,3,0,,C36H69NO3
Cer(d16:1_20:0),C36 H71 O3 N1,13.531,+HCOO,565.5434,Cer,d16:1_20:0,d36:1,36,71,1,3,0,,C36H71NO3
Cer(d17:0_21:1),C38 H75 O3 N1,15.838,+HCOO,593.5747,Cer,d17:0_21:1,d38:1,38,75,1,3,0,,C38H75NO3
Cer(d40:1),C40 H79 O3 N1,17.426,+HCOO,621.606,Cer,d40:1,d40:1,40,79,1,3,0,,C40H79NO3
PC(19:0_12:3),C39 H72 O8 N1 P1,8.157,+HCOO,713.4996,PC,19:0_12:3,31:3,39,72,1,8,1,,C39H72NO8P
PC(30:3),C38 H70 O8 N1 P1,4.303,+HCOO,699.4839,PC,30:3,30:3,38,70,1,8,1,,C38H70NO8P
PC(32:3),C40 H74 O8 N1 P1,4.909,+HCOO,727.5152,PC,32:3,32:3,40,74,1,8,1,,C40H74NO8P
PC(32:4),C40 H72 O8 N1 P1,5.106,+HCOO,725.4996,PC,32:4,32:4,40,72,1,8,1,,C40H72NO8P
PC(33:4),C41 H74 O8 N1 P1,11.533,+HCOO,739.5152,PC,33:4,33:4,41,74,1,8,1,,C41H74NO8P
PC(51:0),C59 H118 O8 N1 P1,11.201,+HCOO,999.8595,PC,51:0,51:0,59,118,1,8,1,,C59H118NO8P
PC(8:1e_10:0),C26 H52 O7 N1 P1,3.516,+HCOO,521.3481,PC,8:1e_10:0,18:1e,26,52,1,7,1,,C26H52NO7P
DG(12:1e_20:3),C35 H62 O4,4.288,+K,546.4648,DG,12:1e_20:3,32:4e,35,62,0,4,0,,C35H62O4
DG(36:4),C39 H68 O5,2.677,+K,616.5067,DG,36:4,36:4,39,68,0,5,0,,C39H68O5
PI(34:2),C43 H79 O13 N0 P1,4.705,+K,834.5258,PI,34:2,34:2,43,79,0,13,1,,C43H79O13P
PI(36:3),C45 H81 O13 N0 P1,4.877,+K,860.5415,PI,36:3,36:3,45,81,0,13,1,,C45H81O13P
PI(38:6),C47 H79 O13 N0 P1,4.25,+K,882.5258,PI,38:6,38:6,47,79,0,13,1,,C47H79O13P
PI(46:0),C55 H107 O13 N0 P1,2.987,+K,1006.7449,PI,46:0,46:0,55,107,0,13,1,,C55H107O13P
PS(20:0e_12:0),C38 H76 O9 N1 P1,9.854,+K,721.5258,PS,20:0e_12:0,32:0e,38,76,1,9,1,,C38H76NO9P
TG(16:0e_12:3_13:0),C44 H80 O5,16.925,+K,688.6006,TG,16:0e_12:3_13:0,41:3e,44,80,0,5,0,,C44H80O5
TG(16:0e_13:0_22:5),C54 H96 O5,20.053,+K,824.7258,TG,16:0e_13:0_22:5,51:5e,54,96,0,5,0,,C54H96O5
TG(20:4e_13:0_13:0),C49 H88 O5,18.742,+K,756.6632,TG,20:4e_13:0_13:0,46:4e,49,88,0,5,0,,C49H88O5
TG(20:4e_13:0_13:0),C49 H88 O5,19.671,+K,756.6632,TG,20:4e_13:0_13:0,46:4e,49,88,0,5,0,,C49H88O5
TG(22:5_11:3_14:3),C50 H74 O6,7.86,+K,770.5485,TG,22:5_11:3_14:3,47:11,50,74,0,6,0,,C50H74O6
TG(22:6_11:3_14:3),C50 H72 O6,6.533,+K,768.5329,TG,22:6_11:3_14:3,47:12,50,72,0,6,0,,C50H72O6
TG(4:0_8:0_10:0),C25 H46 O6,3.5,+K,442.3294,TG,4:0_8:0_10:0,22:0,25,46,0,6,0,,C25H46O6
Cer(d24:1_18:1) +NH4,C42 H81 O3 N1,8.583,+NH4,647.6216,Cer,d24:1_18:1,d42:2,42,84,2,3,0,,C42H84N2O3
Cer(d24:2_18:0+O) +NH4,C42 H81 O4 N1,4.795,+NH4,663.6166,Cer,d24:2_18:0+O,d42:2+O,42,84,2,4,0,,C42H84N2O4
Cer(d24:2_18:0+O) +NH4,C42 H81 O4 N1,22.353,+NH4,663.6166,Cer,d24:2_18:0+O,d42:2+O,42,84,2,4,0,,C42H84N2O4
Cer(d44:6) +NH4,C44 H77 O3 N1,26.981,+NH4,667.5903,Cer,d44:6,d44:6,44,80,2,3,0,,C44H80N2O3
Cer(d44:7) +NH4,C44 H75 O3 N1,17.132,+NH4,665.5747,Cer,d44:7,d44:7,44,78,2,3,0,,C44H78N2O3
Cer(d44:7) +NH4,C44 H75 O3 N1,26.516,+NH4,665.5747,Cer,d44:7,d44:7,44,78,2,3,0,,C44H78N2O3
Cer(t18:1_26:5) +NH4,C44 H77 O4 N1,4.844,+NH4,683.5853,Cer,t18:1_26:5,t44:6,44,80,2,4,0,,C44H80N2O4
CerP(d15:0_24:2) +NH4,C39 H76 O6 N1 P1,13.011,+NH4,685.541,CerP,d15:0_24:2,d39:2,39,79,2,6,1,,C39H79N2O6P
DG(10:0e_12:4) +NH4,C25 H42 O4,2.299,+NH4,406.3083,DG,10:0e_12:4,22:4e,25,45,1,4,0,,C25H45NO4
DG(16:0_16:1) +NH4,C35 H66 O5,12.816,+NH4,566.491,DG,16:0_16:1,32:1,35,69,1,5,0,,C35H69NO5
DG(16:0_18:1) +NH4,C37 H70 O5,15.142,+NH4,594.5223,DG,16:0_18:1,34:1,37,73,1,5,0,,C37H73NO5
DG(16:1_16:1) +NH4,C35 H64 O5,10.538,+NH4,564.4754,DG,16:1_16:1,32:2,35,67,1,5,0,,C35H67NO5
DG(16:1_18:1) +NH4,C37 H68 O5,12.882,+NH4,592.5067,DG,16:1_18:1,34:2,37,71,1,5,0,,C37H71NO5
DG(18:1_18:1) +NH4,C39 H72 O5,15.2,+NH4,620.538,DG,18:1_18:1,36:2,39,75,1,5,0,,C39H75NO5
DG(18:3e) +NH4,C21 H36 O4,1.601,+NH4,352.2614,DG,18:3e,18:3e,21,39,1,4,0,,C21H39NO4
DG(20:2) +NH4,C23 H40 O5,1.684,+NH4,396.2876,DG,20:2,20:2,23,43,1,5,0,,C23H43NO5
DG(22:5e) +NH4,C25 H40 O4,1.892,+NH4,404.2927,DG,22:5e,22:5e,25,43,1,4,0,,C25H43NO4
DG(36:3e) +NH4,C39 H72 O4,17.817,+NH4,604.5431,DG,36:3e,36:3e,39,75,1,4,0,,C39H75NO4
PA(21:1e) +NH4,C24 H47 O7 N0 P1,2.8,+NH4,478.3059,PA,21:1e,21:1e,24,50,1,7,1,,C24H50NO7P
PA(38:3) +NH4,C41 H75 O8 N0 P1,11.806,+NH4,726.52,PA,38:3,38:3,41,78,1,8,1,,C41H78NO8P
PA(39:3) +NH4,C42 H77 O8 N0 P1,27.466,+NH4,740.5356,PA,39:3,39:3,42,80,1,8,1,,C42H80NO8P
PG(18:1_18:3) +NH4,C42 H75 O10 N0 P1,7.442,+NH4,770.5098,PG,18:1_18:3,36:4,42,78,1,10,1,,C42H78NO10P
PG(26:1_10:2) +NH4,C42 H77 O10 N0 P1,12.118,+NH4,772.5254,PG,26:1_10:2,36:3,42,80,1,10,1,,C42H80NO10P
PG(34:4) +NH4,C40 H71 O10 N0 P1,8.137,+NH4,742.4785,PG,34:4,34:4,40,74,1,10,1,,C40H74NO10P
TG(11:0_14:0_18:1) +NH4,C46 H86 O6,19.518,+NH4,734.6424,TG,11:0_14:0_18:1,43:1,46,89,1,6,0,,C46H89NO6
TG(11:0_6:0_6:0) +NH4,C26 H48 O6,2.037,+NH4,456.3451,TG,11:0_6:0_6:0,23:0,26,51,1,6,0,,C26H51NO6
TG(14:0_14:0_16:0) +NH4,C47 H90 O6,20.587,+NH4,750.6737,TG,14:0_14:0_16:0,44:0,47,93,1,6,0,,C47H93NO6
TG(14:1_17:1_16:1) +NH4,C50 H90 O6,19.726,+NH4,786.6737,TG,14:1_17:1_16:1,47:3,50,93,1,6,0,,C50H93NO6
TG(15:0_16:0_16:0) +NH4,C50 H96 O6,21.207,+NH4,792.7207,TG,15:0_16:0_16:0,47:0,50,99,1,6,0,,C50H99NO6
TG(15:0_16:0_16:1) +NH4,C50 H94 O6,20.746,+NH4,790.705,TG,15:0_16:0_16:1,47:1,50,97,1,6,0,,C50H97NO6
TG(16:0_12:0_16:1) +NH4,C47 H88 O6,19.954,+NH4,748.6581,TG,16:0_12:0_16:1,44:1,47,91,1,6,0,,C47H91NO6
TG(16:0_12:2_11:3) +NH4,C42 H70 O6,16.272,+NH4,670.5172,TG,16:0_12:2_11:3,39:5,42,73,1,6,0,,C42H73NO6
TG(16:0_14:0_12:0) +NH4,C45 H86 O6,19.968,+NH4,722.6424,TG,16:0_14:0_12:0,42:0,45,89,1,6,0,,C45H89NO6
TG(16:0_14:0_15:0) +NH4,C48 H92 O6,20.807,+NH4,764.6894,TG,16:0_14:0_15:0,45:0,48,95,1,6,0,,C48H95NO6
TG(16:0_14:0_16:1) +NH4,C49 H92 O6,26.929,+NH4,776.6894,TG,16:0_14:0_16:1,46:1,49,95,1,6,0,,C49H95NO6
TG(16:0_14:3_11:2) +NH4,C44 H74 O6,17.658,+NH4,698.5485,TG,16:0_14:3_11:2,41:5,44,77,1,6,0,,C44H77NO6
TG(16:0_16:0_14:0) +NH4,C49 H94 O6,21.026,+NH4,778.705,TG,16:0_16:0_14:0,46:0,49,97,1,6,0,,C49H97NO6
TG(16:0_16:0_16:0) +NH4,C51 H98 O6,21.372,+NH4,806.7363,TG,16:0_16:0_16:0,48:0,51,101,1,6,0,,C51H101NO6
TG(16:0_16:0_16:1) +NH4,C51 H96 O6,21.523,+NH4,804.7207,TG,16:0_16:0_16:1,48:1,51,99,1,6,0,,C51H99NO6
TG(16:0_16:0_18:0) +NH4,C53 H102 O6,21.658,+NH4,834.7676,TG,16:0_16:0_18:0,50:0,53,105,1,6,0,,C53H105NO6
TG(16:0_16:0_18:1) +NH4,C53 H100 O6,15.974,+NH4,832.752,TG,16:0_16:0_18:1,50:1,53,103,1,6,0,,C53H103NO6
TG(16:0_16:0_18:1) +NH4,C53 H100 O6,21.348,+NH4,832.752,TG,16:0_16:0_18:1,50:1,53,103,1,6,0,,C53H103NO6
TG(16:0_16:0_18:1) +NH4,C53 H100 O6,21.963,+NH4,832.752,TG,16:0_16:0_18:1,50:1,53,103,1,6,0,,C53H103NO6
TG(16:0_16:0_18:1) +NH4,C53 H100 O6,22.448,+NH4,832.752,TG,16:0_16:0_18:1,50:1,53,103,1,6,0,,C53H103NO6
TG(16:0_16:0_20:0) +NH4,C55 H106 O6,21.92,+NH4,862.7989,TG,16:0_16:0_20:0,52:0,55,109,1,6,0,,C55H109NO6
TG(16:0_16:1_11:1) +NH4,C46 H84 O6,19.096,+NH4,732.6268,TG,16:0_16:1_11:1,43:2,46,87,1,6,0,,C46H87NO6
TG(16:0_16:1_12:0) +NH4,C47 H88 O6,20.457,+NH4,748.6581,TG,16:0_16:1_12:0,44:1,47,91,1,6,0,,C47H91NO6
TG(16:0_16:1_14:0) +NH4,C49 H92 O6,20.558,+NH4,776.6894,TG,16:0_16:1_14:0,46:1,49,95,1,6,0,,C49H95NO6
TG(16:0_16:1_14:0) +NH4,C49 H92 O6,21.176,+NH4,776.6894,TG,16:0_16:1_14:0,46:1,49,95,1,6,0,,C49H95NO6
TG(16:0_16:1_16:0) +NH4,C51 H96 O6,21.002,+NH4,804.7207,TG,16:0_16:1_16:0,48:1,51,99,1,6,0,,C51H99NO6
TG(16:0_16:1_16:1) +NH4,C51 H94 O6,22.474,+NH4,802.705,TG,16:0_16:1_16:1,48:2,51,97,1,6,0,,C51H97NO6
TG(16:0_16:1_16:1) +NH4,C51 H94 O6,26.93,+NH4,802.705,TG,16:0_16:1_16:1,48:2,51,97,1,6,0,,C51H97NO6
TG(16:0_16:1_18:1) +NH4,C53 H98 O6,20.962,+NH4,830.7363,TG,16:0_16:1_18:1,50:2,53,101,1,6,0,,C53H101NO6
TG(16:0_16:1_18:1) +NH4,C53 H98 O6,27.953,+NH4,830.7363,TG,16:0_16:1_18:1,50:2,53,101,1,6,0,,C53H101NO6
TG(16:0_17:0_16:1) +NH4,C52 H98 O6,21.138,+NH4,818.7363,TG,16:0_17:0_16:1,49:1,52,101,1,6,0,,C52H101NO6
TG(16:0_17:0_18:1) +NH4,C54 H102 O6,21.437,+NH4,846.7676,TG,16:0_17:0_18:1,51:1,54,105,1,6,0,,C54H105NO6
TG(16:0_17:1_18:1) +NH4,C54 H100 O6,21.188,+NH4,844.752,TG,16:0_17:1_18:1,51:2,54,103,1,6,0,,C54H103NO6
TG(16:0_18:1_14:3) +NH4,C51 H90 O6,19.436,+NH4,798.6737,TG,16:0_18:1_14:3,48:4,51,93,1,6,0,,C51H93NO6
TG(16:0_18:1_16:0) +NH4,C53 H100 O6,26.073,+NH4,832.752,TG,16:0_18:1_16:0,50:1,53,103,1,6,0,,C53H103NO6
TG(16:0_18:1_16:0) +NH4,C53 H100 O6,27.889,+NH4,832.752,TG,16:0_18:1_16:0,50:1,53,103,1,6,0,,C53H103NO6
TG(16:0_18:1_16:1) +NH4,C53 H98 O6,21.501,+NH4,830.7363,TG,16:0_18:1_16:1,50:2,53,101,1,6,0,,C53H101NO6
TG(16:0_18:1_18:1) +NH4,C55 H102 O6,21.803,+NH4,858.7676,TG,16:0_18:1_18:1,52:2,55,105,1,6,0,,C55H105NO6
TG(16:0_18:1_18:1) +NH4,C55 H102 O6,27.305,+NH4,858.7676,TG,16:0_18:1_18:1,52:2,55,105,1,6,0,,C55H105NO6
TG(16:0_18:1_20:0) +NH4,C57 H108 O6,21.884,+NH4,888.8146,TG,16:0_18:1_20:0,54:1,57,111,1,6,0,,C57H111NO6
TG(16:0_18:1_6:0) +NH4,C43 H80 O6,18.41,+NH4,692.5955,TG,16:0_18:1_6:0,40:1,43,83,1,6,0,,C43H83NO6
TG(16:0_24:0_16:0) +NH4,C59 H114 O6,22.45,+NH4,918.8615,TG,16:0_24:0_16:0,56:0,59,117,1,6,0,,C59H117NO6
TG(16:1_12:0_14:0) +NH4,C45 H84 O6,19.152,+NH4,720.6268,TG,16:1_12:0_14:0,42:1,45,87,1,6,0,,C45H87NO6
TG(16:1_12:0_16:1) +NH4,C47 H86 O6,19.122,+NH4,746.6424,TG,16:1_12:0_16:1,44:2,47,89,1,6,0,,C47H89NO6
TG(16:1_13:0_16:0) +NH4,C48 H90 O6,20.235,+NH4,762.6737,TG,16:1_13:0_16:0,45:1,48,93,1,6,0,,C48H93NO6
TG(16:1_14:0_16:1) +NH4,C49 H90 O6,19.949,+NH4,774.6737,TG,16:1_14:0_16:1,46:2,49,93,1,6,0,,C49H93NO6
TG(16:1_14:1_16:1) +NH4,C49 H88 O6,19.218,+NH4,772.6581,TG,16:1_14:1_16:1,46:3,49,91,1,6,0,,C49H91NO6
TG(16:1_16:1_15:0) +NH4,C50 H92 O6,20.346,+NH4,788.6894,TG,16:1_16:1_15:0,47:2,50,95,1,6,0,,C50H95NO6
TG(16:1_16:1_16:0) +NH4,C51 H94 O6,20.536,+NH4,802.705,TG,16:1_16:1_16:0,48:2,51,97,1,6,0,,C51H97NO6
TG(16:1_16:1_16:0) +NH4,C51 H94 O6,21.153,+NH4,802.705,TG,16:1_16:1_16:0,48:2,51,97,1,6,0,,C51H97NO6
TG(16:1_16:1_16:1) +NH4,C51 H92 O6,19.921,+NH4,800.6894,TG,16:1_16:1_16:1,48:3,51,95,1,6,0,,C51H95NO6
TG(16:1_16:1_17:0) +NH4,C52 H96 O6,20.799,+NH4,816.7207,TG,16:1_16:1_17:0,49:2,52,99,1,6,0,,C52H99NO6
TG(16:1_16:1_17:1) +NH4,C52 H94 O6,20.373,+NH4,814.705,TG,16:1_16:1_17:1,49:3,52,97,1,6,0,,C52H97NO6
TG(16:1_16:1_18:1) +NH4,C53 H96 O6,20.508,+NH4,828.7207,TG,16:1_16:1_18:1,50:3,53,99,1,6,0,,C53H99NO6
TG(16:1_16:1_18:2) +NH4,C53 H94 O6,20.208,+NH4,826.705,TG,16:1_16:1_18:2,50:4,53,97,1,6,0,,C53H97NO6
TG(16:1_16:1_6:0) +NH4,C41 H74 O6,16.026,+NH4,662.5485,TG,16:1_16:1_6:0,38:2,41,77,1,6,0,,C41H77NO6
TG(16:1_18:1_16:0) +NH4,C53 H98 O6,26.026,+NH4,830.7363,TG,16:1_18:1_16:0,50:2,53,101,1,6,0,,C53H101NO6
TG(16:1_18:1_16:0) +NH4,C53 H98 O6,26.781,+NH4,830.7363,TG,16:1_18:1_16:0,50:2,53,101,1,6,0,,C53H101NO6
TG(16:1_18:1_17:1) +NH4,C54 H98 O6,20.837,+NH4,842.7363,TG,16:1_18:1_17:1,51:3,54,101,1,6,0,,C54H101NO6
TG(16:1_18:1_18:1) +NH4,C55 H100 O6,20.942,+NH4,856.752,TG,16:1_18:1_18:1,52:3,55,103,1,6,0,,C55H103NO6
TG(16:1_18:1_18:3) +NH4,C55 H96 O6,20.213,+NH4,852.7207,TG,16:1_18:1_18:3,52:5,55,99,1,6,0,,C55H99NO6
TG(16:1_18:1_6:0) +NH4,C43 H78 O6,17.443,+NH4,690.5798,TG,16:1_18:1_6:0,40:2,43,81,1,6,0,,C43H81NO6
TG(16:1_18:2_18:1) +NH4,C55 H98 O6,20.67,+NH4,854.7363,TG,16:1_18:2_18:1,52:4,55,101,1,6,0,,C55H101NO6
TG(16:1_18:3_16:1) +NH4,C53 H92 O6,19.494,+NH4,824.6894,TG,16:1_18:3_16:1,50:5,53,95,1,6,0,,C53H95NO6
TG(17:0_18:1_18:1) +NH4,C56 H104 O6,21.444,+NH4,872.7833,TG,17:0_18:1_18:1,53:2,56,107,1,6,0,,C56H107NO6
TG(18:0_18:1_16:0) +NH4,C55 H104 O6,21.634,+NH4,860.7833,TG,18:0_18:1_16:0,52:1,55,107,1,6,0,,C55H107NO6
TG(18:0_18:1_16:0) +NH4,C55 H104 O6,22.158,+NH4,860.7833,TG,18:0_18:1_16:0,52:1,55,107,1,6,0,,C55H107NO6
TG(18:0_20:0_16:0) +NH4,C57 H110 O6,22.183,+NH4,890.8302,TG,18:0_20:0_16:0,54:0,57,113,1,6,0,,C57H113NO6
TG(18:0e_16:0_18:1) +NH4,C55 H106 O5,22.056,+NH4,846.804,TG,18:0e_16:0_18:1,52:1e,55,109,1,5,0,,C55H109NO5
TG(18:0e_16:1_16:0) +NH4,C53 H102 O5,21.807,+NH4,818.7727,TG,18:0e_16:1_16:0,50:1e,53,105,1,5,0,,C53H105NO5
TG(18:0e_16:1_16:1) +NH4,C53 H100 O5,21.52,+NH4,816.7571,TG,18:0e_16:1_16:1,50:2e,53,103,1,5,0,,C53H103NO5
TG(18:0e_16:1_18:1) +NH4,C55 H104 O5,21.78,+NH4,844.7884,TG,18:0e_16:1_18:1,52:2e,55,107,1,5,0,,C55H107NO5
TG(18:1_11:1_16:0) +NH4,C48 H88 O6,19.88,+NH4,760.6581,TG,18:1_11:1_16:0,45:2,48,91,1,6,0,,C48H91NO6
TG(18:1_11:2_11:2) +NH4,C43 H72 O6,16.874,+NH4,684.5329,TG,18:1_11:2_11:2,40:5,43,75,1,6,0,,C43H75NO6
TG(18:1_18:1_16:0) +NH4,C55 H102 O6,21.302,+NH4,858.7676,TG,18:1_18:1_16:0,52:2,55,105,1,6,0,,C55H105NO6
TG(18:1_18:1_17:1) +NH4,C56 H102 O6,21.2,+NH4,870.7676,TG,18:1_18:1_17:1,53:3,56,105,1,6,0,,C56H105NO6
TG(18:1_18:1_18:0) +NH4,C57 H106 O6,21.595,+NH4,886.7989,TG,18:1_18:1_18:0,54:2,57,109,1,6,0,,C57H109NO6
TG(18:1_18:1_18:1) +NH4,C57 H104 O6,21.279,+NH4,884.7833,TG,18:1_18:1_18:1,54:3,57,107,1,6,0,,C57H107NO6
TG(18:1_18:1_18:2) +NH4,C57 H102 O6,21.003,+NH4,882.7676,TG,18:1_18:1_18:2,54:4,57,105,1,6,0,,C57H105NO6
TG(18:1_18:1_18:3) +NH4,C57 H100 O6,20.701,+NH4,880.752,TG,18:1_18:1_18:3,54:5,57,103,1,6,0,,C57H103NO6
TG(18:1_18:1_19:0) +NH4,C58 H108 O6,21.731,+NH4,900.8146,TG,18:1_18:1_19:0,55:2,58,111,1,6,0,,C58H111NO6
TG(18:1_18:1_6:0) +NH4,C45 H82 O6,18.356,+NH4,718.6111,TG,18:1_18:1_6:0,42:2,45,85,1,6,0,,C45H85NO6
TG(18:1_21:0_16:0) +NH4,C58 H110 O6,22.007,+NH4,902.8302,TG,18:1_21:0_16:0,55:1,58,113,1,6,0,,C58H113NO6
TG(18:1_22:0_16:0) +NH4,C59 H112 O6,22.138,+NH4,916.8459,TG,18:1_22:0_16:0,56:1,59,115,1,6,0,,C59H115NO6
TG(19:0_18:1_16:0) +NH4,C56 H106 O6,21.681,+NH4,874.7989,TG,19:0_18:1_16:0,53:1,56,109,1,6,0,,C56H109NO6
TG(20:0_18:1_18:1) +NH4,C59 H110 O6,21.854,+NH4,914.8302,TG,20:0_18:1_18:1,56:2,59,113,1,6,0,,C59H113NO6
TG(20:0e_16:0_18:1) +NH4,C57 H110 O5,22.316,+NH4,874.8353,TG,20:0e_16:0_18:1,54:1e,57,113,1,5,0,,C57H113NO5
TG(20:0e_16:1_18:1) +NH4,C57 H108 O5,22.021,+NH4,872.8197,TG,20:0e_16:1_18:1,54:2e,57,111,1,5,0,,C57H111NO5
TG(20:0e_18:1_18:1) +NH4,C59 H112 O5,22.275,+NH4,900.851,TG,20:0e_18:1_18:1,56:2e,59,115,1,5,0,,C59H115NO5
TG(20:1_18:1_18:1) +NH4,C59 H108 O6,21.556,+NH4,912.8146,TG,20:1_18:1_18:1,56:3,59,111,1,6,0,,C59H111NO6
TG(20:1e_16:1_18:1) +NH4,C57 H106 O5,21.73,+NH4,870.804,TG,20:1e_16:1_18:1,54:3e,57,109,1,5,0,,C57H109NO5
TG(20:1e_18:1_18:1) +NH4,C59 H110 O5,21.962,+NH4,898.8353,TG,20:1e_18:1_18:1,56:3e,59,113,1,5,0,,C59H113NO5
TG(22:1_24:2_18:1) +NH4,C67 H122 O6,22.253,+NH4,1022.9241,TG,22:1_24:2_18:1,64:4,67,125,1,6,0,,C67H125NO6
TG(22:6_10:1_12:4) +NH4,C47 H68 O6,5.186,+NH4,728.5016,TG,22:6_10:1_12:4,44:11,47,71,1,6,0,,C47H71NO6
TG(25:0_16:0_18:1) +NH4,C62 H118 O6,22.368,+NH4,958.8928,TG,25:0_16:0_18:1,59:1,62,121,1,6,0,,C62H121NO6
TG(26:0_16:0_16:0) +NH4,C61 H118 O6,22.745,+NH4,946.8928,TG,26:0_16:0_16:0,58:0,61,121,1,6,0,,C61H121NO6
TG(26:0_16:0_18:1) +NH4,C63 H120 O6,22.689,+NH4,972.9085,TG,26:0_16:0_18:1,60:1,63,123,1,6,0,,C63H123NO6
TG(26:0_16:1_16:0) +NH4,C61 H116 O6,22.42,+NH4,944.8772,TG,26:0_16:1_16:0,58:1,61,119,1,6,0,,C61H119NO6
TG(26:0_16:1_16:1) +NH4,C61 H114 O6,22.087,+NH4,942.8615,TG,26:0_16:1_16:1,58:2,61,117,1,6,0,,C61H117NO6
TG(26:1_18:1_16:0) +NH4,C63 H118 O6,22.335,+NH4,970.8928,TG,26:1_18:1_16:0,60:2,63,121,1,6,0,,C63H121NO6
TG(26:1_18:1_16:1) +NH4,C63 H116 O6,22.043,+NH4,968.8772,TG,26:1_18:1_16:1,60:3,63,119,1,6,0,,C63H119NO6
TG(26:1_18:1_18:1) +NH4,C65 H120 O6,22.274,+NH4,996.9085,TG,26:1_18:1_18:1,62:3,65,123,1,6,0,,C65H123NO6
TG(27:0_18:1_16:0) +NH4,C64 H122 O6,22.629,+NH4,986.9241,TG,27:0_18:1_16:0,61:1,64,125,1,6,0,,C64H125NO6
TG(28:0_18:1_16:0) +NH4,C65 H124 O6,22.668,+NH4,1000.9398,TG,28:0_18:1_16:0,62:1,65,127,1,6,0,,C65H127NO6
TG(28:0_22:1_16:0) +NH4,C69 H132 O6,23.508,+NH4,1057.0024,TG,28:0_22:1_16:0,66:1,69,135,1,6,0,,C69H135NO6
TG(28:1_16:1_18:2) +NH4,C65 H118 O6,22.024,+NH4,994.8928,TG,28:1_16:1_18:2,62:4,65,121,1,6,0,,C65H121NO6
TG(28:1_18:1_16:0) +NH4,C65 H122 O6,22.607,+NH4,998.9241,TG,28:1_18:1_16:0,62:2,65,125,1,6,0,,C65H125NO6
TG(28:1_18:1_18:1) +NH4,C67 H124 O6,22.547,+NH4,1024.9398,TG,28:1_18:1_18:1,64:3,67,127,1,6,0,,C67H127NO6
TG(30:0_18:1_16:0) +NH4,C67 H128 O6,23.315,+NH4,1028.9711,TG,30:0_18:1_16:0,64:1,67,131,1,6,0,,C67H131NO6
TG(30:0_18:1_18:1) +NH4,C69 H130 O6,23.174,+NH4,1054.9867,TG,30:0_18:1_18:1,66:2,69,133,1,6,0,,C69H133NO6
TG(30:1_18:1_16:0) +NH4,C67 H126 O6,22.936,+NH4,1026.9554,TG,30:1_18:1_16:0,64:2,67,129,1,6,0,,C67H129NO6
TG(4:0_10:1_11:3) +NH4,C28 H44 O6,1.327,+NH4,476.3138,TG,4:0_10:1_11:3,25:4,28,47,1,6,0,,C28H47NO6
TG(4:0_11:1_20:0) +NH4,C38 H70 O6,15.263,+NH4,622.5172,TG,4:0_11:1_20:0,35:1,38,73,1,6,0,,C38H73NO6
TG(4:0_14:1_14:0) +NH4,C35 H64 O6,11.793,+NH4,580.4703,TG,4:0_14:1_14:0,32:1,35,67,1,6,0,,C35H67NO6
TG(4:0_14:1_16:0) +NH4,C37 H68 O6,15.468,+NH4,608.5016,TG,4:0_14:1_16:0,34:1,37,71,1,6,0,,C37H71NO6
TG(4:0_14:1_16:1) +NH4,C37 H66 O6,11.933,+NH4,606.4859,TG,4:0_14:1_16:1,34:2,37,69,1,6,0,,C37H69NO6
TG(4:0_16:0_14:0) +NH4,C37 H70 O6,15.972,+NH4,610.5172,TG,4:0_16:0_14:0,34:0,37,73,1,6,0,,C37H73NO6
TG(4:0_16:0_16:0) +NH4,C39 H74 O6,17.502,+NH4,638.5485,TG,4:0_16:0_16:0,36:0,39,77,1,6,0,,C39H77NO6
TG(4:0_16:0_18:1) +NH4,C41 H76 O6,18.262,+NH4,664.5642,TG,4:0_16:0_18:1,38:1,41,79,1,6,0,,C41H79NO6
TG(4:0_16:0_18:3) +NH4,C41 H72 O6,15.126,+NH4,660.5329,TG,4:0_16:0_18:3,38:3,41,75,1,6,0,,C41H75NO6
TG(4:0_16:0_22:5) +NH4,C45 H76 O6,18.143,+NH4,712.5642,TG,4:0_16:0_22:5,42:5,45,79,1,6,0,,C45H79NO6
TG(4:0_16:1_14:0) +NH4,C37 H68 O6,14.317,+NH4,608.5016,TG,4:0_16:1_14:0,34:1,37,71,1,6,0,,C37H71NO6
TG(4:0_16:1_16:0) +NH4,C39 H72 O6,16.026,+NH4,636.5329,TG,4:0_16:1_16:0,36:1,39,75,1,6,0,,C39H75NO6
TG(4:0_16:1_16:0) +NH4,C39 H72 O6,16.201,+NH4,636.5329,TG,4:0_16:1_16:0,36:1,39,75,1,6,0,,C39H75NO6
TG(4:0_16:1_16:0) +NH4,C39 H72 O6,16.669,+NH4,636.5329,TG,4:0_16:1_16:0,36:1,39,75,1,6,0,,C39H75NO6
TG(4:0_16:1_16:0) +NH4,C39 H72 O6,17.32,+NH4,636.5329,TG,4:0_16:1_16:0,36:1,39,75,1,6,0,,C39H75NO6
TG(4:0_16:1_16:1) +NH4,C39 H70 O6,14.051,+NH4,634.5172,TG,4:0_16:1_16:1,36:2,39,73,1,6,0,,C39H73NO6
TG(4:0_16:1_16:1) +NH4,C39 H70 O6,15.405,+NH4,634.5172,TG,4:0_16:1_16:1,36:2,39,73,1,6,0,,C39H73NO6
TG(4:0_16:1_17:1) +NH4,C40 H72 O6,15.479,+NH4,648.5329,TG,4:0_16:1_17:1,37:2,40,75,1,6,0,,C40H75NO6
TG(4:0_16:1_18:1) +NH4,C41 H74 O6,14.061,+NH4,662.5485,TG,4:0_16:1_18:1,38:2,41,77,1,6,0,,C41H77NO6
TG(4:0_16:1_18:1) +NH4,C41 H74 O6,16.097,+NH4,662.5485,TG,4:0_16:1_18:1,38:2,41,77,1,6,0,,C41H77NO6
TG(4:0_16:1_18:2) +NH4,C41 H72 O6,14.46,+NH4,660.5329,TG,4:0_16:1_18:2,38:3,41,75,1,6,0,,C41H75NO6
TG(4:0_16:1_6:0) +NH4,C29 H52 O6,6.646,+NH4,496.3764,TG,4:0_16:1_6:0,26:1,29,55,1,6,0,,C29H55NO6
TG(4:0_17:1_16:0) +NH4,C40 H74 O6,16.859,+NH4,650.5485,TG,4:0_17:1_16:0,37:1,40,77,1,6,0,,C40H77NO6
TG(4:0_17:1_18:1) +NH4,C42 H76 O6,16.802,+NH4,676.5642,TG,4:0_17:1_18:1,39:2,42,79,1,6,0,,C42H79NO6
TG(4:0_18:1_16:0) +NH4,C41 H76 O6,17.466,+NH4,664.5642,TG,4:0_18:1_16:0,38:1,41,79,1,6,0,,C41H79NO6
TG(4:0_18:1_16:1) +NH4,C41 H74 O6,17.01,+NH4,662.5485,TG,4:0_18:1_16:1,38:2,41,77,1,6,0,,C41H77NO6
TG(4:0_18:1_17:0) +NH4,C42 H78 O6,17.914,+NH4,678.5798,TG,4:0_18:1_17:0,39:1,42,81,1,6,0,,C42H81NO6
TG(4:0_18:1_18:1) +NH4,C43 H78 O6,18.184,+NH4,690.5798,TG,4:0_18:1_18:1,40:2,43,81,1,6,0,,C43H81NO6
TG(4:0_18:1_20:0) +NH4,C45 H84 O6,19.683,+NH4,720.6268,TG,4:0_18:1_20:0,42:1,45,87,1,6,0,,C45H87NO6
TG(4:0_18:2_18:1) +NH4,C43 H76 O6,16.321,+NH4,688.5642,TG,4:0_18:2_18:1,40:3,43,79,1,6,0,,C43H79NO6
TG(4:0_9:0_11:1) +NH4,C27 H48 O6,5.462,+NH4,468.3451,TG,4:0_9:0_11:1,24:1,27,51,1,6,0,,C27H51NO6
TG(6:0_11:1_23:0) +NH4,C43 H80 O6,17.476,+NH4,692.5955,TG,6:0_11:1_23:0,40:1,43,83,1,6,0,,C43H83NO6
PA(36:0_22:0),C61 H121 O8 N0 P1,16.975,-H,1012.8799,PA,36:0_22:0,58:0,61,121,0,8,1,,C61H121O8P
PA(40:0e),C43 H87 O7 N0 P1,22.536,-H,746.6189,PA,40:0e,40:0e,43,87,0,7,1,,C43H87O7P
PA(43:2),C46 H87 O8 N0 P1,8.541,-H,798.6139,PA,43:2,43:2,46,87,0,8,1,,C46H87O8P
PA(43:2),C46 H87 O8 N0 P1,25.867,-H,798.6139,PA,43:2,43:2,46,87,0,8,1,,C46H87O8P
PA(58:0),C61 H121 O8 N0 P1,17.727,-H,1012.8799,PA,58:0,58:0,61,121,0,8,1,,C61H121O8P
PA(60:0),C63 H125 O8 N0 P1,18.659,-H,1040.9112,PA,60:0,60:0,63,125,0,8,1,,C63H125O8P
PE(16:0_18:1),C39 H76 O8 N1 P1,11.68,-H,717.5309,PE,16:0_18:1,34:1,39,76,1,8,1,,C39H76NO8P
PE(16:0e_16:1),C37 H74 O7 N1 P1,10.952,-H,675.5203,PE,16:0e_16:1,32:1e,37,74,1,7,1,,C37H74NO7P
PE(16:0e_18:1),C39 H78 O7 N1 P1,13.43,-H,703.5516,PE,16:0e_18:1,34:1e,39,78,1,7,1,,C39H78NO7P
PE(16:1e_18:1),C39 H76 O7 N1 P1,12.975,-H,701.5359,PE,16:1e_18:1,34:2e,39,76,1,7,1,,C39H76NO7P
PE(18:0_18:1),C41 H80 O8 N1 P1,15.234,-H,745.5622,PE,18:0_18:1,36:1,41,80,1,8,1,,C41H80NO8P
PE(18:0e_16:1),C39 H78 O7 N1 P1,14.901,-H,703.5516,PE,18:0e_16:1,34:1e,39,78,1,7,1,,C39H78NO7P
PE(18:0e_18:0),C41 H84 O7 N1 P1,17.059,-H,733.5985,PE,18:0e_18:0,36:0e,41,84,1,7,1,,C41H84NO7P
PE(18:1_18:1),C41 H78 O8 N1 P1,13.785,-H,743.5465,PE,18:1_18:1,36:2,41,78,1,8,1,,C41H78NO8P
PE(18:1e_18:1),C41 H80 O7 N1 P1,15.226,-H,729.5672,PE,18:1e_18:1,36:2e,41,80,1,7,1,,C41H80NO7P
PE(18:1e_18:1),C41 H80 O7 N1 P1,16.301,-H,729.5672,PE,18:1e_18:1,36:2e,41,80,1,7,1,,C41H80NO7P
PE(18:1e_18:2),C41 H78 O7 N1 P1,13.497,-H,727.5516,PE,18:1e_18:2,36:3e,41,78,1,7,1,,C41H78NO7P
PE(18:1e_18:3),C41 H76 O7 N1 P1,11.883,-H,725.5359,PE,18:1e_18:3,36:4e,41,76,1,7,1,,C41H76NO7P
PE(19:0_18:1),C42 H82 O8 N1 P1,14.595,-H,759.5778,PE,19:0_18:1,37:1,42,82,1,8,1,,C42H82NO8P
PE(20:0_18:2),C43 H82 O8 N1 P1,14.721,-H,771.5778,PE,20:0_18:2,38:2,43,82,1,8,1,,C43H82NO8P
PE(20:1e_18:1),C43 H84 O7 N1 P1,16.888,-H,757.5985,PE,20:1e_18:1,38:2e,43,84,1,7,1,,C43H84NO7P
PE(34:2),C39 H74 O8 N1 P1,27.719,-H,715.5152,PE,34:2,34:2,39,74,1,8,1,,C39H74NO8P
PE(8:1e_10:0),C23 H46 O7 N1 P1,2.067,-H,479.3012,PE,8:1e_10:0,18:1e,23,46,1,7,1,,C23H46NO7P
PG(16:0_16:1),C38 H73 O10 N0 P1,8.191,-H,720.4941,PG,16:0_16:1,32:1,38,73,0,10,1,,C38H73O10P
PG(16:0_18:1),C40 H77 O10 N0 P1,10.014,-H,748.5254,PG,16:0_18:1,34:1,40,77,0,10,1,,C40H77O10P
PG(16:0_18:2),C40 H75 O10 N0 P1,8.301,-H,746.5098,PG,16:0_18:2,34:2,40,75,0,10,1,,C40H75O10P
PG(16:0_18:3),C40 H73 O10 N0 P1,7.259,-H,744.4941,PG,16:0_18:3,34:3,40,73,0,10,1,,C40H73O10P
PG(16:1_16:1),C38 H71 O10 N0 P1,6.806,-H,718.4785,PG,16:1_16:1,32:2,38,71,0,10,1,,C38H71O10P
PG(16:1_18:3),C40 H71 O10 N0 P1,6.255,-H,742.4785,PG,16:1_18:3,34:4,40,71,0,10,1,,C40H71O10P
PG(18:1_18:1),C42 H79 O10 N0 P1,10.182,-H,774.5411,PG,18:1_18:1,36:2,42,79,0,10,1,,C42H79O10P
PG(18:1_18:2),C42 H77 O10 N0 P1,8.688,-H,772.5254,PG,18:1_18:2,36:3,42,77,0,10,1,,C42H77O10P
PG(18:3_18:2),C42 H73 O10 N0 P1,6.509,-H,768.4941,PG,18:3_18:2,36:5,42,73,0,10,1,,C42H73O10P
PG(18:3_18:3),C42 H71 O10 N0 P1,5.769,-H,766.4785,PG,18:3_18:3,36:6,42,71,0,10,1,,C42H71O10P
PG(26:5),C32 H53 O10 N0 P1,3.84,-H,628.3376,PG,26:5,26:5,32,53,0,10,1,,C32H53O10P
PG(28:6),C34 H55 O10 N0 P1,4.007,-H,654.3533,PG,28:6,28:6,34,55,0,10,1,,C34H55O10P
PG(40:3e),C46 H87 O9 N0 P1,4.776,-H,814.6088,PG,40:3e,40:3e,46,87,0,9,1,,C46H87O9P
PI(16:0_14:1),C39 H73 O13 N0 P1,6.499,-H,780.4789,PI,16:0_14:1,30:1,39,73,0,13,1,,C39H73O13P
PI(16:0_16:1),C41 H77 O13 N0 P1,7.844,-H,808.5102,PI,16:0_16:1,32:1,41,77,0,13,1,,C41H77O13P
PI(16:0_18:1),C43 H81 O13 N0 P1,9.634,-H,836.5415,PI,16:0_18:1,34:1,43,81,0,13,1,,C43H81O13P
PI(16:0_18:3),C43 H77 O13 N0 P1,6.827,-H,832.5102,PI,16:0_18:3,34:3,43,77,0,13,1,,C43H77O13P
PI(16:1_16:1),C41 H75 O13 N0 P1,6.528,-H,806.4945,PI,16:1_16:1,32:2,41,75,0,13,1,,C41H75O13P
PI(16:1_18:1),C43 H79 O13 N0 P1,7.968,-H,834.5258,PI,16:1_18:1,34:2,43,79,0,13,1,,C43H79O13P
PI(16:1_18:3),C43 H75 O13 N0 P1,6.005,-H,830.4945,PI,16:1_18:3,34:4,43,75,0,13,1,,C43H75O13P
PI(18:0_18:1),C45 H85 O13 N0 P1,11.835,-H,864.5728,PI,18:0_18:1,36:1,45,85,0,13,1,,C45H85O13P
PI(18:0_18:2),C45 H83 O13 N0 P1,10.323,-H,862.5571,PI,18:0_18:2,36:2,45,83,0,13,1,,C45H83O13P
PI(18:0_18:3),C45 H81 O13 N0 P1,8.909,-H,860.5415,PI,18:0_18:3,36:3,45,81,0,13,1,,C45H81O13P
PI(18:1_18:1),C45 H83 O13 N0 P1,9.781,-H,862.5571,PI,18:1_18:1,36:2,45,83,0,13,1,,C45H83O13P
PI(18:1_18:2),C45 H81 O13 N0 P1,8.327,-H,860.5415,PI,18:1_18:2,36:3,45,81,0,13,1,,C45H81O13P
PI(18:2_18:2),C45 H79 O13 N0 P1,7.279,-H,858.5258,PI,18:2_18:2,36:4,45,79,0,13,1,,C45H79O13P
PI(18:3_18:2),C45 H77 O13 N0 P1,6.252,-H,856.5102,PI,18:3_18:2,36:5,45,77,0,13,1,,C45H77O13P
PI(18:3_18:3),C45 H75 O13 N0 P1,5.548,-H,854.4945,PI,18:3_18:3,36:6,45,75,0,13,1,,C45H75O13P
PI(30:1),C39 H73 O13 N0 P1,5.652,-H,780.4789,PI,30:1,30:1,39,73,0,13,1,,C39H73O13P
PS(16:0_18:1),C40 H76 O10 N1 P1,9.979,-H,761.5207,PS,16:0_18:1,34:1,40,76,1,10,1,,C40H76NO10P
PS(16:1_16:1),C38 H70 O10 N1 P1,6.703,-H,731.4737,PS,16:1_16:1,32:2,38,70,1,10,1,,C38H70NO10P
PS(16:1_18:3),C40 H70 O10 N1 P1,6.135,-H,755.4737,PS,16:1_18:3,34:4,40,70,1,10,1,,C40H70NO10P
PS(18:1_20:2),C44 H80 O10 N1 P1,14.118,-H,813.552,PS,18:1_20:2,38:3,44,80,1,10,1,,C44H80NO10P
PS(18:1_20:4),C44 H76 O10 N1 P1,10.041,-H,809.5207,PS,18:1_20:4,38:5,44,76,1,10,1,,C44H76NO10P
PS(18:3_18:3),C42 H70 O10 N1 P1,7.091,-H,779.4737,PS,18:3_18:3,36:6,42,70,1,10,1,,C42H70NO10P
PS(21:0),C27 H52 O10 N1 P1,1.559,-H,581.3329,PS,21:0,21:0,27,52,1,10,1,,C27H52NO10P
PS(21:0e),C27 H54 O9 N1 P1,3.727,-H,567.3536,PS,21:0e,21:0e,27,54,1,9,1,,C27H54NO9P
PS(24:1e),C30 H58 O9 N1 P1,3.99,-H,607.3849,PS,24:1e,24:1e,30,58,1,9,1,,C30H58NO9P
PS(26:2e),C32 H60 O9 N1 P1,3.99,-H,633.4006,PS,26:2e,26:2e,32,60,1,9,1,,C32H60NO9P
PS(33:0),C39 H76 O10 N1 P1,7.236,-H,749.5207,PS,33:0,33:0,39,76,1,10,1,,C39H76NO10P
PS(33:2),C39 H72 O10 N1 P1,4.299,-H,745.4894,PS,33:2,33:2,39,72,1,10,1,,C39H72NO10P
PS(34:4),C40 H70 O10 N1 P1,7.803,-H,755.4737,PS,34:4,34:4,40,70,1,10,1,,C40H70NO10P
PS(36:3),C42 H76 O10 N1 P1,11.593,-H,785.5207,PS,36:3,36:3,42,76,1,10,1,,C42H76NO10P
PS(36:4),C42 H74 O10 N1 P1,9.651,-H,783.505,PS,36:4,36:4,42,74,1,10,1,,C42H74NO10P
PS(37:0),C43 H84 O10 N1 P1,11.067,-H,805.5833,PS,37:0,37:0,43,84,1,10,1,,C43H84NO10P
PS(37:1),C43 H82 O10 N1 P1,9.137,-H,803.5676,PS,37:1,37:1,43,82,1,10,1,,C43H82NO10P
PS(37:1),C43 H82 O10 N1 P1,10.457,-H,803.5676,PS,37:1,37:1,43,82,1,10,1,,C43H82NO10P
PS(37:2),C43 H80 O10 N1 P1,8.261,-H,801.552,PS,37:2,37:2,43,80,1,10,1,,C43H80NO10P
PS(38:3e),C44 H82 O9 N1 P1,15.564,-H,799.5727,PS,38:3e,38:3e,44,82,1,9,1,,C44H82NO9P
PS(38:4),C44 H78 O10 N1 P1,11.796,-H,811.5363,PS,38:4,38:4,44,78,1,10,1,,C44H78NO10P
PS(38:4e),C44 H80 O9 N1 P1,13.862,-H,797.5571,PS,38:4e,38:4e,44,80,1,9,1,,C44H80NO9P
PS(38:4e),C44 H80 O9 N1 P1,15.219,-H,797.5571,PS,38:4e,38:4e,44,80,1,9,1,,C44H80NO9P
PS(38:5),C44 H76 O10 N1 P1,10.735,-H,809.5207,PS,38:5,38:5,44,76,1,10,1,,C44H76NO10P
PS(38:5e),C44 H78 O9 N1 P1,12.306,-H,795.5414,PS,38:5e,38:5e,44,78,1,9,1,,C44H78NO9P
PS(38:6),C44 H74 O10 N1 P1,8.774,-H,807.505,PS,38:6,38:6,44,74,1,10,1,,C44H74NO10P
PS(38:8),C44 H70 O10 N1 P1,6.472,-H,803.4737,PS,38:8,38:8,44,70,1,10,1,,C44H70NO10P
PS(39:1),C45 H86 O10 N1 P1,11.271,-H,831.5989,PS,39:1,39:1,45,86,1,10,1,,C45H86NO10P
PS(39:2e),C45 H86 O9 N1 P1,4.742,-H,815.604,PS,39:2e,39:2e,45,86,1,9,1,,C45H86NO9P
