Name,Formula,MainIon,Calc Mass,Class,FA,FA Group Key
CerP(d21:2_18:0+O),C39 H76 O7 N1 P1,#NAME?,701.5359,CerP,d21:2_18:0+O,d39:2+O
CerP(d21:2_18:0+O),C39 H76 O7 N1 P1,#NAME?,701.5359,CerP,d21:2_18:0+O,d39:2+O
CerP(d22:1_18:2+2O),C40 H76 O8 N1 P1,#NAME?,729.5309,CerP,d22:1_18:2+2O,d40:3+2O
CerP(d40:3+2O),C40 H76 O8 N1 P1,#NAME?,729.5309,CerP,d40:3+2O,d40:3+2O
CerP(m22:0_19:0),C41 H84 O5 N1 P1,#NAME?,701.6087,CerP,m22:0_19:0,m41:0
CerP(t17:1_16:1+2O),C33 H64 O9 N1 P1,#NAME?,649.4319,CerP,t17:1_16:1+2O,t33:2+2O
CerP(t17:1_18:2+2O),C35 H66 O9 N1 P1,#NAME?,675.4475,CerP,t17:1_18:2+2O,t35:3+2O
CerP(t38:1+O),C38 H76 O8 N1 P1,#NAME?,705.5309,CerP,t38:1+O,t38:1+O
DG(16:2),C19 H32 O5,#NAME?,340.225,DG,16:02,16:02
DG(18:2e),C21 H38 O4,#NAME?,354.277,DG,18:2e,18:2e
DG(20:2e),C23 H42 O4,#NAME?,382.3083,DG,20:2e,20:2e
DG(20:3e),C23 H40 O4,#NAME?,380.2927,DG,20:3e,20:3e
DG(22:3e),C25 H44 O4,#NAME?,408.324,DG,22:3e,22:3e
DG(32:3e),C35 H64 O4,#NAME?,548.4805,DG,32:3e,32:3e
DG(32:3e),C35 H64 O4,#NAME?,548.4805,DG,32:3e,32:3e
DG(32:3e),C35 H64 O4,#NAME?,548.4805,DG,32:3e,32:3e
DG(32:3e),C35 H64 O4,#NAME?,548.4805,DG,32:3e,32:3e
DG(32:4e),C35 H62 O4,#NAME?,546.4648,DG,32:4e,32:4e
DG(32:4e),C35 H62 O4,#NAME?,546.4648,DG,32:4e,32:4e
DG(34:3e),C37 H68 O4,#NAME?,576.5118,DG,34:3e,34:3e
DG(34:3e),C37 H68 O4,#NAME?,576.5118,DG,34:3e,34:3e
DG(34:3e),C37 H68 O4,#NAME?,576.5118,DG,34:3e,34:3e
DG(34:3e),C37 H68 O4,#NAME?,576.5118,DG,34:3e,34:3e
DG(34:4e),C37 H66 O4,#NAME?,574.4961,DG,34:4e,34:4e
DG(34:4e),C37 H66 O4,#NAME?,574.4961,DG,34:4e,34:4e
DG(34:4e),C37 H66 O4,#NAME?,574.4961,DG,34:4e,34:4e
DG(34:5e),C37 H64 O4,#NAME?,572.4805,DG,34:5e,34:5e
DG(36:5e),C39 H68 O4,#NAME?,600.5118,DG,36:5e,36:5e
DG(36:6e),C39 H66 O4,#NAME?,598.4961,DG,36:6e,36:6e
DG(42:3),C45 H82 O5,#NAME?,702.6162,DG,42:03:00,42:03:00
DG(6:0_10:1),C19 H34 O5,#NAME?,342.2406,DG,6:0_10:1,16:01
DG(8:0_8:0),C19 H36 O5,#NAME?,344.2563,DG,8:0_8:0,16:00
LPC(12:0),C20 H42 O7 N1 P1,#NAME?,439.2699,LPC,12:00,12:00
LPC(14:0),C22 H46 O7 N1 P1,#NAME?,467.3012,LPC,14:00,14:00
LPC(14:1),C22 H44 O7 N1 P1,#NAME?,465.2855,LPC,14:01,14:01
LPC(16:0),C24 H50 O7 N1 P1,#NAME?,495.3325,LPC,16:00,16:00
LPC(16:0),C24 H50 O7 N1 P1,#NAME?,495.3325,LPC,16:00,16:00
LPC(16:0),C24 H50 O7 N1 P1,#NAME?,495.3325,LPC,16:00,16:00
LPC(16:1),C24 H48 O7 N1 P1,#NAME?,493.3168,LPC,16:01,16:01
LPC(16:1),C24 H48 O7 N1 P1,#NAME?,493.3168,LPC,16:01,16:01
LPC(16:1),C24 H48 O7 N1 P1,#NAME?,493.3168,LPC,16:01,16:01
LPC(16:1),C24 H48 O7 N1 P1,#NAME?,493.3168,LPC,16:01,16:01
LPC(16:2),C24 H46 O7 N1 P1,#NAME?,491.3012,LPC,16:02,16:02
LPC(16:3),C24 H44 O7 N1 P1,#NAME?,489.2855,LPC,16:03,16:03
LPC(17:0),C25 H52 O7 N1 P1,#NAME?,509.3481,LPC,17:00,17:00
LPC(17:1),C25 H50 O7 N1 P1,#NAME?,507.3325,LPC,17:01,17:01
LPC(18:0),C26 H54 O7 N1 P1,#NAME?,523.3638,LPC,18:00,18:00
LPC(18:1),C26 H52 O7 N1 P1,#NAME?,521.3481,LPC,18:01,18:01
LPC(18:1),C26 H52 O7 N1 P1,#NAME?,521.3481,LPC,18:01,18:01
LPC(18:1),C26 H52 O7 N1 P1,#NAME?,521.3481,LPC,18:01,18:01
LPC(18:1),C26 H52 O7 N1 P1,#NAME?,521.3481,LPC,18:01,18:01
LPC(18:2),C26 H50 O7 N1 P1,#NAME?,519.3325,LPC,18:02,18:02
LPC(18:2),C26 H50 O7 N1 P1,#NAME?,519.3325,LPC,18:02,18:02
LPC(18:3),C26 H48 O7 N1 P1,#NAME?,517.3168,LPC,18:03,18:03
LPC(18:4),C26 H46 O7 N1 P1,#NAME?,515.3012,LPC,18:04,18:04
LPC(20:1),C28 H56 O7 N1 P1,#NAME?,549.3794,LPC,20:01,20:01
PC(16:0_12:0),C36 H72 O8 N1 P1,#NAME?,677.4996,PC,16:0_12:0,28:00:00
PC(16:0_14:0),C38 H76 O8 N1 P1,#NAME?,705.5309,PC,16:0_14:0,30:00:00
PC(16:0_16:0),C40 H80 O8 N1 P1,#NAME?,733.5622,PC,16:0_16:0,32:00:00
PC(16:0_16:1),C40 H78 O8 N1 P1,#NAME?,731.5465,PC,16:0_16:1,32:01:00
PC(16:0_16:1),C40 H78 O8 N1 P1,#NAME?,731.5465,PC,16:0_16:1,32:01:00
PC(16:0_16:1),C40 H78 O8 N1 P1,#NAME?,731.5465,PC,16:0_16:1,32:01:00
PC(16:0_16:1),C40 H78 O8 N1 P1,#NAME?,731.5465,PC,16:0_16:1,32:01:00
PC(16:0_18:1),C42 H82 O8 N1 P1,#NAME?,759.5778,PC,16:0_18:1,34:01:00
PC(16:0_18:1),C42 H82 O8 N1 P1,#NAME?,759.5778,PC,16:0_18:1,34:01:00
PC(16:0_18:1),C42 H82 O8 N1 P1,#NAME?,759.5778,PC,16:0_18:1,34:01:00
PC(16:0_18:3),C42 H78 O8 N1 P1,#NAME?,755.5465,PC,16:0_18:3,34:03:00
PC(16:0_18:3),C42 H78 O8 N1 P1,#NAME?,755.5465,PC,16:0_18:3,34:03:00
PC(16:1),C24 H46 O8 N1 P1,#NAME?,507.2961,PC,16:01,16:01
PC(16:1_14:0),C38 H74 O8 N1 P1,#NAME?,703.5152,PC,16:1_14:0,30:01:00
PC(16:1_14:1),C38 H72 O8 N1 P1,#NAME?,701.4996,PC,16:1_14:1,30:02:00
PC(16:1_16:1),C40 H76 O8 N1 P1,#NAME?,729.5309,PC,16:1_16:1,32:02:00
PC(16:1_16:1),C40 H76 O8 N1 P1,#NAME?,729.5309,PC,16:1_16:1,32:02:00
PC(16:1_17:0),C41 H80 O8 N1 P1,#NAME?,745.5622,PC,16:1_17:0,33:01:00
PC(16:1_18:1),C42 H80 O8 N1 P1,#NAME?,757.5622,PC,16:1_18:1,34:02:00
PC(16:1_18:1),C42 H80 O8 N1 P1,#NAME?,757.5622,PC,16:1_18:1,34:02:00
PC(16:1_18:1),C42 H80 O8 N1 P1,#NAME?,757.5622,PC,16:1_18:1,34:02:00
PC(16:1_18:1),C42 H80 O8 N1 P1,#NAME?,757.5622,PC,16:1_18:1,34:02:00
PC(16:1_18:1),C42 H80 O8 N1 P1,#NAME?,757.5622,PC,16:1_18:1,34:02:00
PC(16:1_18:1),C42 H80 O8 N1 P1,#NAME?,757.5622,PC,16:1_18:1,34:02:00
PC(16:1_18:1),C42 H80 O8 N1 P1,#NAME?,757.5622,PC,16:1_18:1,34:02:00
PC(16:1_18:1),C42 H80 O8 N1 P1,#NAME?,757.5622,PC,16:1_18:1,34:02:00
PC(16:1_18:2),C42 H78 O8 N1 P1,#NAME?,755.5465,PC,16:1_18:2,34:03:00
PC(16:1_18:3),C42 H76 O8 N1 P1,#NAME?,753.5309,PC,16:1_18:3,34:04:00
PC(16:2_18:2),C42 H76 O8 N1 P1,#NAME?,753.5309,PC,16:2_18:2,34:04:00
PC(17:0_18:1),C43 H84 O8 N1 P1,#NAME?,773.5935,PC,17:0_18:1,35:01:00
PC(17:0_18:1),C43 H84 O8 N1 P1,#NAME?,773.5935,PC,17:0_18:1,35:01:00
PC(17:1_18:1),C43 H82 O8 N1 P1,#NAME?,771.5778,PC,17:1_18:1,35:02:00
PC(18:0_16:0),C42 H84 O8 N1 P1,#NAME?,761.5935,PC,18:0_16:0,34:00:00
PC(18:0_17:0),C43 H86 O8 N1 P1,#NAME?,775.6091,PC,18:0_17:0,35:00:00
PC(18:0_18:1),C44 H86 O8 N1 P1,#NAME?,787.6091,PC,18:0_18:1,36:01:00
PC(18:0_18:2),C44 H84 O8 N1 P1,#NAME?,785.5935,PC,18:0_18:2,36:02:00
PC(18:0_18:3),C44 H82 O8 N1 P1,#NAME?,783.5778,PC,18:0_18:3,36:03:00
PC(18:0e_18:3),C44 H84 O7 N1 P1,#NAME?,769.5985,PC,18:0e_18:3,36:3e
PC(18:1_18:1),C44 H84 O8 N1 P1,#NAME?,785.5935,PC,18:1_18:1,36:02:00
PC(18:1_18:1),C44 H84 O8 N1 P1,#NAME?,785.5935,PC,18:1_18:1,36:02:00
PC(18:1_18:1),C44 H84 O8 N1 P1,#NAME?,785.5935,PC,18:1_18:1,36:02:00
PC(18:1_18:2),C44 H82 O8 N1 P1,#NAME?,783.5778,PC,18:1_18:2,36:03:00
PC(18:1_18:3),C44 H80 O8 N1 P1,#NAME?,781.5622,PC,18:1_18:3,36:04:00
PC(18:1_18:3),C44 H80 O8 N1 P1,#NAME?,781.5622,PC,18:1_18:3,36:04:00
PC(18:2_14:1),C40 H74 O8 N1 P1,#NAME?,727.5152,PC,18:2_14:1,32:03:00
PC(18:3_18:2),C44 H78 O8 N1 P1,#NAME?,779.5465,PC,18:3_18:2,36:05:00
PC(18:3_18:2),C44 H78 O8 N1 P1,#NAME?,779.5465,PC,18:3_18:2,36:05:00
PC(18:3_18:3),C44 H76 O8 N1 P1,#NAME?,777.5309,PC,18:3_18:3,36:06:00
PC(18:3_18:3),C44 H76 O8 N1 P1,#NAME?,777.5309,PC,18:3_18:3,36:06:00
PC(19:0_18:1),C45 H88 O8 N1 P1,#NAME?,801.6248,PC,19:0_18:1,37:01:00
PC(20:0_18:1),C46 H90 O8 N1 P1,#NAME?,815.6404,PC,20:0_18:1,38:01:00
PC(20:0_18:1),C46 H90 O8 N1 P1,#NAME?,815.6404,PC,20:0_18:1,38:01:00
PC(20:0e_14:1),C42 H84 O7 N1 P1,#NAME?,745.5985,PC,20:0e_14:1,34:1e
PC(20:1_18:1),C46 H88 O8 N1 P1,#NAME?,813.6248,PC,20:1_18:1,38:02:00
PC(22:1_12:1),C42 H80 O8 N1 P1,#NAME?,757.5622,PC,22:1_12:1,34:02:00
PC(25:1_8:0),C41 H80 O8 N1 P1,#NAME?,745.5622,PC,25:1_8:0,33:01:00
PC(32:2),C40 H76 O8 N1 P1,#NAME?,729.5309,PC,32:02:00,32:02:00
PC(34:1),C42 H82 O8 N1 P1,#NAME?,759.5778,PC,34:01:00,34:01:00
PC(34:1),C42 H82 O8 N1 P1,#NAME?,759.5778,PC,34:01:00,34:01:00
PC(34:2),C42 H80 O8 N1 P1,#NAME?,757.5622,PC,34:02:00,34:02:00
PC(36:1),C44 H86 O8 N1 P1,#NAME?,787.6091,PC,36:01:00,36:01:00
PC(36:1e),C44 H88 O7 N1 P1,#NAME?,773.6298,PC,36:1e,36:1e
PC(36:2),C44 H84 O8 N1 P1,#NAME?,785.5935,PC,36:02:00,36:02:00
PC(38:2),C46 H88 O8 N1 P1,#NAME?,813.6248,PC,38:02:00,38:02:00
PC(4:0_12:0),C24 H48 O8 N1 P1,#NAME?,509.3118,PC,4:0_12:0,16:00
PC(6:0_11:3),C25 H44 O8 N1 P1,#NAME?,517.2805,PC,6:0_11:3,17:03
PC(6:0_22:1),C36 H70 O8 N1 P1,#NAME?,675.4839,PC,6:0_22:1,28:01:00
PC(8:0_10:1),C26 H50 O8 N1 P1,#NAME?,535.3274,PC,8:0_10:1,18:01
PC(8:0_22:3),C38 H70 O8 N1 P1,#NAME?,699.4839,PC,8:0_22:3,30:03:00
PC(8:0_24:2),C40 H76 O8 N1 P1,#NAME?,729.5309,PC,8:0_24:2,32:02:00
PC(8:0_24:2),C40 H76 O8 N1 P1,#NAME?,729.5309,PC,8:0_24:2,32:02:00
PC(8:0_24:2),C40 H76 O8 N1 P1,#NAME?,729.5309,PC,8:0_24:2,32:02:00
PC(8:0e_10:0),C26 H54 O7 N1 P1,#NAME?,523.3638,PC,8:0e_10:0,18:0e
PC(8:0e_8:0),C24 H50 O7 N1 P1,#NAME?,495.3325,PC,8:0e_8:0,16:0e
PC(8:1e_10:1),C26 H50 O7 N1 P1,#NAME?,519.3325,PC,8:1e_10:1,18:2e
PC(8:1e_8:0),C24 H48 O7 N1 P1,#NAME?,493.3168,PC,8:1e_8:0,16:1e
PC(8:1e_9:0),C25 H50 O7 N1 P1,#NAME?,507.3325,PC,8:1e_9:0,17:1e
PC(9:0_9:0),C26 H52 O8 N1 P1,#NAME?,537.3431,PC,9:0_9:0,18:00
PE(10:0e_6:0),C21 H44 O7 N1 P1,#NAME?,453.2855,PE,10:0e_6:0,16:0e
PE(10:0e_6:0),C21 H44 O7 N1 P1,#NAME?,453.2855,PE,10:0e_6:0,16:0e
PE(10:0e_6:0),C21 H44 O7 N1 P1,#NAME?,453.2855,PE,10:0e_6:0,16:0e
PE(10:0p_6:0),C21 H42 O7 N1 P1,#NAME?,451.2699,PE,10:0p_6:0,16:0p
PE(10:0p_6:0),C21 H42 O7 N1 P1,#NAME?,451.2699,PE,10:0p_6:0,16:0p
PE(10:0p_6:0),C21 H42 O7 N1 P1,#NAME?,451.2699,PE,10:0p_6:0,16:0p
PE(10:1e_10:0),C25 H50 O7 N1 P1,#NAME?,507.3325,PE,10:1e_10:0,20:1e
PE(12:0p_22:0),C39 H78 O7 N1 P1,#NAME?,703.5516,PE,12:0p_22:0,34:0p
PE(12:0p_24:0),C41 H82 O7 N1 P1,#NAME?,731.5829,PE,12:0p_24:0,36:0p
PE(12:0p_24:0),C41 H82 O7 N1 P1,#NAME?,731.5829,PE,12:0p_24:0,36:0p
PE(12:0p_24:1),C41 H80 O7 N1 P1,#NAME?,729.5672,PE,12:0p_24:1,36:1p
PE(12:0p_6:0),C23 H46 O7 N1 P1,#NAME?,479.3012,PE,12:0p_6:0,18:0p
PE(12:0p_6:0),C23 H46 O7 N1 P1,#NAME?,479.3012,PE,12:0p_6:0,18:0p
PE(12:0p_6:0),C23 H46 O7 N1 P1,#NAME?,479.3012,PE,12:0p_6:0,18:0p
PE(16:0_16:0),C37 H74 O8 N1 P1,#NAME?,691.5152,PE,16:0_16:0,32:00:00
PE(16:0_16:1),C37 H72 O8 N1 P1,#NAME?,689.4996,PE,16:0_16:1,32:01:00
PE(16:0_16:1),C37 H72 O8 N1 P1,#NAME?,689.4996,PE,16:0_16:1,32:01:00
PE(16:0_18:1),C39 H76 O8 N1 P1,#NAME?,717.5309,PE,16:0_18:1,34:01:00
PE(16:0_18:1),C39 H76 O8 N1 P1,#NAME?,717.5309,PE,16:0_18:1,34:01:00
PE(16:0_18:1),C39 H76 O8 N1 P1,#NAME?,717.5309,PE,16:0_18:1,34:01:00
PE(16:0_18:1),C39 H76 O8 N1 P1,#NAME?,717.5309,PE,16:0_18:1,34:01:00
PE(16:0_18:1),C39 H76 O8 N1 P1,#NAME?,717.5309,PE,16:0_18:1,34:01:00
PE(16:0_23:0),C44 H88 O8 N1 P1,#NAME?,789.6248,PE,16:0_23:0,39:00:00
PE(16:1_14:0),C35 H68 O8 N1 P1,#NAME?,661.4683,PE,16:1_14:0,30:01:00
PE(16:1_16:1),C37 H70 O8 N1 P1,#NAME?,687.4839,PE,16:1_16:1,32:02:00
PE(16:1_18:1),C39 H74 O8 N1 P1,#NAME?,715.5152,PE,16:1_18:1,34:02:00
PE(16:1_18:1),C39 H74 O8 N1 P1,#NAME?,715.5152,PE,16:1_18:1,34:02:00
PE(16:1_18:1),C39 H74 O8 N1 P1,#NAME?,715.5152,PE,16:1_18:1,34:02:00
PE(16:1_18:1),C39 H74 O8 N1 P1,#NAME?,715.5152,PE,16:1_18:1,34:02:00
PE(16:1_18:1),C39 H74 O8 N1 P1,#NAME?,715.5152,PE,16:1_18:1,34:02:00
PE(16:1_18:2),C39 H72 O8 N1 P1,#NAME?,713.4996,PE,16:1_18:2,34:03:00
PE(16:1_18:2),C39 H72 O8 N1 P1,#NAME?,713.4996,PE,16:1_18:2,34:03:00
PE(16:1_18:2),C39 H72 O8 N1 P1,#NAME?,713.4996,PE,16:1_18:2,34:03:00
PE(16:1_18:3),C39 H70 O8 N1 P1,#NAME?,711.4839,PE,16:1_18:3,34:04:00
PE(16:1_20:1),C41 H78 O8 N1 P1,#NAME?,743.5465,PE,16:1_20:1,36:02:00
PE(16:4_21:1),C42 H74 O8 N1 P1,#NAME?,751.5152,PE,16:4_21:1,37:05:00
PE(17:0_19:0),C41 H82 O8 N1 P1,#NAME?,747.5778,PE,17:0_19:0,36:00:00
PE(17:0e),C22 H46 O7 N1 P1,#NAME?,467.3012,PE,17:0e,17:0e
PE(17:1_16:0),C38 H74 O8 N1 P1,#NAME?,703.5152,PE,17:1_16:0,33:01:00
PE(17:1_18:1),C40 H76 O8 N1 P1,#NAME?,729.5309,PE,17:1_18:1,35:02:00
PE(18:0_18:1),C41 H80 O8 N1 P1,#NAME?,745.5622,PE,18:0_18:1,36:01:00
PE(18:0_18:3),C41 H76 O8 N1 P1,#NAME?,741.5309,PE,18:0_18:3,36:03:00
PE(18:0_18:3),C41 H76 O8 N1 P1,#NAME?,741.5309,PE,18:0_18:3,36:03:00
PE(18:0e_18:1),C41 H82 O7 N1 P1,#NAME?,731.5829,PE,18:0e_18:1,36:1e
PE(18:0e_18:2),C41 H80 O7 N1 P1,#NAME?,729.5672,PE,18:0e_18:2,36:2e
PE(18:0e_18:3),C41 H78 O7 N1 P1,#NAME?,727.5516,PE,18:0e_18:3,36:3e
PE(18:0p_18:1),C41 H80 O7 N1 P1,#NAME?,729.5672,PE,18:0p_18:1,36:1p
PE(18:0p_18:2),C41 H78 O7 N1 P1,#NAME?,727.5516,PE,18:0p_18:2,36:2p
PE(18:1_18:1),C41 H78 O8 N1 P1,#NAME?,743.5465,PE,18:1_18:1,36:02:00
PE(18:1_18:1),C41 H78 O8 N1 P1,#NAME?,743.5465,PE,18:1_18:1,36:02:00
PE(18:1_18:1),C41 H78 O8 N1 P1,#NAME?,743.5465,PE,18:1_18:1,36:02:00
PE(18:1_18:1),C41 H78 O8 N1 P1,#NAME?,743.5465,PE,18:1_18:1,36:02:00
PE(18:1_18:1),C41 H78 O8 N1 P1,#NAME?,743.5465,PE,18:1_18:1,36:02:00
PE(18:1_18:2),C41 H76 O8 N1 P1,#NAME?,741.5309,PE,18:1_18:2,36:03:00
PE(18:1p_18:1),C41 H78 O7 N1 P1,#NAME?,727.5516,PE,18:1p_18:1,36:2p
PE(18:2_18:2),C41 H74 O8 N1 P1,#NAME?,739.5152,PE,18:2_18:2,36:04:00
PE(18:2e_19:0),C42 H82 O7 N1 P1,#NAME?,743.5829,PE,18:2e_19:0,37:2e
PE(18:3_18:2),C41 H72 O8 N1 P1,#NAME?,737.4996,PE,18:3_18:2,36:05:00
PE(18:3_18:3),C41 H70 O8 N1 P1,#NAME?,735.4839,PE,18:3_18:3,36:06:00
PE(19:0_18:3),C42 H78 O8 N1 P1,#NAME?,755.5465,PE,19:0_18:3,37:03:00
PE(19:1_17:0),C41 H80 O8 N1 P1,#NAME?,745.5622,PE,19:1_17:0,36:01:00
PE(19:1_20:5),C44 H76 O8 N1 P1,#NAME?,777.5309,PE,19:1_20:5,39:06:00
PE(20:0_18:1),C43 H84 O8 N1 P1,#NAME?,773.5935,PE,20:0_18:1,38:01:00
PE(20:0e_18:1),C43 H86 O7 N1 P1,#NAME?,759.6142,PE,20:0e_18:1,38:1e
PE(20:0e_18:2),C43 H84 O7 N1 P1,#NAME?,757.5985,PE,20:0e_18:2,38:2e
PE(20:0e_18:3),C43 H82 O7 N1 P1,#NAME?,755.5829,PE,20:0e_18:3,38:3e
PE(20:0p_18:1),C43 H84 O7 N1 P1,#NAME?,757.5985,PE,20:0p_18:1,38:1p
PE(20:1_18:1),C43 H82 O8 N1 P1,#NAME?,771.5778,PE,20:1_18:1,38:02:00
PE(20:1e_18:1),C43 H84 O7 N1 P1,#NAME?,757.5985,PE,20:1e_18:1,38:2e
PE(20:2e_19:0),C44 H86 O7 N1 P1,#NAME?,771.6142,PE,20:2e_19:0,39:2e
PE(29:1_6:0),C40 H78 O8 N1 P1,#NAME?,731.5465,PE,29:1_6:0,35:01:00
PE(34:3e),C39 H74 O7 N1 P1,#NAME?,699.5203,PE,34:3e,34:3e
PE(36:3),C41 H76 O8 N1 P1,#NAME?,741.5309,PE,36:03:00,36:03:00
PE(37:3e),C42 H80 O7 N1 P1,#NAME?,741.5672,PE,37:3e,37:3e
PE(6:0_12:1),C23 H44 O8 N1 P1,#NAME?,493.2805,PE,6:0_12:1,18:01
PE(8:0_10:0),C23 H46 O8 N1 P1,#NAME?,495.2961,PE,8:0_10:0,18:00
PE(8:0e_10:0),C23 H48 O7 N1 P1,#NAME?,481.3168,PE,8:0e_10:0,18:0e
PE(8:0e_10:0),C23 H48 O7 N1 P1,#NAME?,481.3168,PE,8:0e_10:0,18:0e
PE(8:0e_10:3),C23 H42 O7 N1 P1,#NAME?,475.2699,PE,8:0e_10:3,18:3e
PE(8:0e_10:3),C23 H42 O7 N1 P1,#NAME?,475.2699,PE,8:0e_10:3,18:3e
PE(8:1e_10:0),C23 H46 O7 N1 P1,#NAME?,479.3012,PE,8:1e_10:0,18:1e
PE(8:1e_10:1),C23 H44 O7 N1 P1,#NAME?,477.2855,PE,8:1e_10:1,18:2e
PE(8:1e_10:1),C23 H44 O7 N1 P1,#NAME?,477.2855,PE,8:1e_10:1,18:2e
PE(8:1e_9:0),C22 H44 O7 N1 P1,#NAME?,465.2855,PE,8:1e_9:0,17:1e
PE(9:0_24:2),C38 H72 O8 N1 P1,#NAME?,701.4996,PE,9:0_24:2,33:02:00
PS(14:1e_19:1),C39 H74 O9 N1 P1,#NAME?,731.5101,PS,14:1e_19:1,33:2e
PS(16:1_18:1),C40 H74 O10 N1 P1,#NAME?,759.505,PS,16:1_18:1,34:02:00
PS(16:1_18:2),C40 H72 O10 N1 P1,#NAME?,757.4894,PS,16:1_18:2,34:03:00
PS(16:1_20:1),C42 H78 O10 N1 P1,#NAME?,787.5363,PS,16:1_20:1,36:02:00
PS(16:1_20:1),C42 H78 O10 N1 P1,#NAME?,787.5363,PS,16:1_20:1,36:02:00
PS(16:1_20:4),C42 H72 O10 N1 P1,#NAME?,781.4894,PS,16:1_20:4,36:05:00
PS(16:2_18:0),C40 H74 O10 N1 P1,#NAME?,759.505,PS,16:2_18:0,34:02:00
PS(16:2_18:0),C40 H74 O10 N1 P1,#NAME?,759.505,PS,16:2_18:0,34:02:00
PS(18:0_18:1),C42 H80 O10 N1 P1,#NAME?,789.552,PS,18:0_18:1,36:01:00
PS(18:0_18:1),C42 H80 O10 N1 P1,#NAME?,789.552,PS,18:0_18:1,36:01:00
PS(18:1_18:1),C42 H78 O10 N1 P1,#NAME?,787.5363,PS,18:1_18:1,36:02:00
PS(18:1_18:2),C42 H76 O10 N1 P1,#NAME?,785.5207,PS,18:1_18:2,36:03:00
PS(18:1_18:2),C42 H76 O10 N1 P1,#NAME?,785.5207,PS,18:1_18:2,36:03:00
PS(18:1_18:2),C42 H76 O10 N1 P1,#NAME?,785.5207,PS,18:1_18:2,36:03:00
PS(18:1_18:3),C42 H74 O10 N1 P1,#NAME?,783.505,PS,18:1_18:3,36:04:00
PS(18:3_18:2),C42 H72 O10 N1 P1,#NAME?,781.4894,PS,18:3_18:2,36:05:00
PS(18:3_18:3),C42 H70 O10 N1 P1,#NAME?,779.4737,PS,18:3_18:3,36:06:00
PS(25:1_9:0),C40 H76 O10 N1 P1,#NAME?,761.5207,PS,25:1_9:0,34:01:00
TG(18:0_22:1_22:6),C65 H112 O6,#NAME?,988.8459,TG,18:0_22:1_22:6,62:07:00
TG(20:2e_10:3_22:4),C55 H90 O5,#NAME?,830.6788,TG,20:2e_10:3_22:4,52:9e
CerP(m20:0_21:1),C41 H82 O5 N1 P1,#NAME?,699.5931,CerP,m20:0_21:1,m41:1
CerP(t38:1+2O),C38 H76 O9 N1 P1,#NAME?,721.5258,CerP,t38:1+2O,t38:1+2O
Cer(d14:1_20:0),C34 H67 O3 N1,#NAME?,537.5121,Cer,d14:1_20:0,d34:1
Cer(d14:2_22:0),C36 H69 O3 N1,#NAME?,563.5277,Cer,d14:2_22:0,d36:2
Cer(d16:1_20:0),C36 H71 O3 N1,#NAME?,565.5434,Cer,d16:1_20:0,d36:1
Cer(d17:0_21:1),C38 H75 O3 N1,#NAME?,593.5747,Cer,d17:0_21:1,d38:1
Cer(d40:1),C40 H79 O3 N1,#NAME?,621.606,Cer,d40:1,d40:1
PC(19:0_12:3),C39 H72 O8 N1 P1,#NAME?,713.4996,PC,19:0_12:3,31:03:00
PC(30:3),C38 H70 O8 N1 P1,#NAME?,699.4839,PC,30:03:00,30:03:00
PC(32:3),C40 H74 O8 N1 P1,#NAME?,727.5152,PC,32:03:00,32:03:00
PC(32:4),C40 H72 O8 N1 P1,#NAME?,725.4996,PC,32:04:00,32:04:00
PC(33:4),C41 H74 O8 N1 P1,#NAME?,739.5152,PC,33:04:00,33:04:00
PC(51:0),C59 H118 O8 N1 P1,#NAME?,999.8595,PC,51:00:00,51:00:00
PC(8:1e_10:0),C26 H52 O7 N1 P1,#NAME?,521.3481,PC,8:1e_10:0,18:1e
DG(12:1e_20:3),C35 H62 O4,#NAME?,546.4648,DG,12:1e_20:3,32:4e
DG(36:4),C39 H68 O5,#NAME?,616.5067,DG,36:04:00,36:04:00
PI(34:2),C43 H79 O13 N0 P1,#NAME?,834.5258,PI,34:02:00,34:02:00
PI(36:3),C45 H81 O13 N0 P1,#NAME?,860.5415,PI,36:03:00,36:03:00
PI(38:6),C47 H79 O13 N0 P1,#NAME?,882.5258,PI,38:06:00,38:06:00
PI(46:0),C55 H107 O13 N0 P1,#NAME?,1006.7449,PI,46:00:00,46:00:00
PS(20:0e_12:0),C38 H76 O9 N1 P1,#NAME?,721.5258,PS,20:0e_12:0,32:0e
TG(16:0e_12:3_13:0),C44 H80 O5,#NAME?,688.6006,TG,16:0e_12:3_13:0,41:3e
TG(16:0e_13:0_22:5),C54 H96 O5,#NAME?,824.7258,TG,16:0e_13:0_22:5,51:5e
TG(20:4e_13:0_13:0),C49 H88 O5,#NAME?,756.6632,TG,20:4e_13:0_13:0,46:4e
TG(20:4e_13:0_13:0),C49 H88 O5,#NAME?,756.6632,TG,20:4e_13:0_13:0,46:4e
TG(22:5_11:3_14:3),C50 H74 O6,#NAME?,770.5485,TG,22:5_11:3_14:3,47:11:00
TG(22:6_11:3_14:3),C50 H72 O6,#NAME?,768.5329,TG,22:6_11:3_14:3,47:12:00
TG(4:0_8:0_10:0),C25 H46 O6,#NAME?,442.3294,TG,4:0_8:0_10:0,22:00
Cer(d24:1_18:1) +NH4,C42 H81 O3 N1,0,647.6216,Cer,d24:1_18:1,d42:2
Cer(d24:2_18:0+O) +NH4,C42 H81 O4 N1,0,663.6166,Cer,d24:2_18:0+O,d42:2+O
Cer(d24:2_18:0+O) +NH4,C42 H81 O4 N1,0,663.6166,Cer,d24:2_18:0+O,d42:2+O
Cer(d44:6) +NH4,C44 H77 O3 N1,0,667.5903,Cer,d44:6,d44:6
Cer(d44:7) +NH4,C44 H75 O3 N1,0,665.5747,Cer,d44:7,d44:7
Cer(d44:7) +NH4,C44 H75 O3 N1,0,665.5747,Cer,d44:7,d44:7
Cer(t18:1_26:5) +NH4,C44 H77 O4 N1,0,683.5853,Cer,t18:1_26:5,t44:6
CerP(d15:0_24:2) +NH4,C39 H76 O6 N1 P1,0,685.541,CerP,d15:0_24:2,d39:2
DG(10:0e_12:4) +NH4,C25 H42 O4,0,406.3083,DG,10:0e_12:4,22:4e
DG(16:0_16:1) +NH4,C35 H66 O5,0,566.491,DG,16:0_16:1,32:01:00
DG(16:0_18:1) +NH4,C37 H70 O5,0,594.5223,DG,16:0_18:1,34:01:00
DG(16:1_16:1) +NH4,C35 H64 O5,0,564.4754,DG,16:1_16:1,32:02:00
DG(16:1_18:1) +NH4,C37 H68 O5,0,592.5067,DG,16:1_18:1,34:02:00
DG(18:1_18:1) +NH4,C39 H72 O5,0,620.538,DG,18:1_18:1,36:02:00
DG(18:3e) +NH4,C21 H36 O4,0,352.2614,DG,18:3e,18:3e
DG(20:2) +NH4,C23 H40 O5,0,396.2876,DG,20:02,20:02
DG(22:5e) +NH4,C25 H40 O4,0,404.2927,DG,22:5e,22:5e
DG(36:3e) +NH4,C39 H72 O4,0,604.5431,DG,36:3e,36:3e
PA(21:1e) +NH4,C24 H47 O7 N0 P1,0,478.3059,PA,21:1e,21:1e
PA(38:3) +NH4,C41 H75 O8 N0 P1,0,726.52,PA,38:03:00,38:03:00
PA(39:3) +NH4,C42 H77 O8 N0 P1,0,740.5356,PA,39:03:00,39:03:00
PG(18:1_18:3) +NH4,C42 H75 O10 N0 P1,0,770.5098,PG,18:1_18:3,36:04:00
PG(26:1_10:2) +NH4,C42 H77 O10 N0 P1,0,772.5254,PG,26:1_10:2,36:03:00
PG(34:4) +NH4,C40 H71 O10 N0 P1,0,742.4785,PG,34:04:00,34:04:00
TG(11:0_14:0_18:1) +NH4,C46 H86 O6,0,734.6424,TG,11:0_14:0_18:1,43:01:00
TG(11:0_6:0_6:0) +NH4,C26 H48 O6,0,456.3451,TG,11:0_6:0_6:0,23:00
TG(14:0_14:0_16:0) +NH4,C47 H90 O6,0,750.6737,TG,14:0_14:0_16:0,44:00:00
TG(14:1_17:1_16:1) +NH4,C50 H90 O6,0,786.6737,TG,14:1_17:1_16:1,47:03:00
TG(15:0_16:0_16:0) +NH4,C50 H96 O6,0,792.7207,TG,15:0_16:0_16:0,47:00:00
TG(15:0_16:0_16:1) +NH4,C50 H94 O6,0,790.705,TG,15:0_16:0_16:1,47:01:00
TG(16:0_12:0_16:1) +NH4,C47 H88 O6,0,748.6581,TG,16:0_12:0_16:1,44:01:00
TG(16:0_12:2_11:3) +NH4,C42 H70 O6,0,670.5172,TG,16:0_12:2_11:3,39:05:00
TG(16:0_14:0_12:0) +NH4,C45 H86 O6,0,722.6424,TG,16:0_14:0_12:0,42:00:00
TG(16:0_14:0_15:0) +NH4,C48 H92 O6,0,764.6894,TG,16:0_14:0_15:0,45:00:00
TG(16:0_14:0_16:1) +NH4,C49 H92 O6,0,776.6894,TG,16:0_14:0_16:1,46:01:00
TG(16:0_14:3_11:2) +NH4,C44 H74 O6,0,698.5485,TG,16:0_14:3_11:2,41:05:00
TG(16:0_16:0_14:0) +NH4,C49 H94 O6,0,778.705,TG,16:0_16:0_14:0,46:00:00
TG(16:0_16:0_16:0) +NH4,C51 H98 O6,0,806.7363,TG,16:0_16:0_16:0,48:00:00
TG(16:0_16:0_16:1) +NH4,C51 H96 O6,0,804.7207,TG,16:0_16:0_16:1,48:01:00
TG(16:0_16:0_18:0) +NH4,C53 H102 O6,0,834.7676,TG,16:0_16:0_18:0,50:00:00
TG(16:0_16:0_18:1) +NH4,C53 H100 O6,0,832.752,TG,16:0_16:0_18:1,50:01:00
TG(16:0_16:0_18:1) +NH4,C53 H100 O6,0,832.752,TG,16:0_16:0_18:1,50:01:00
TG(16:0_16:0_18:1) +NH4,C53 H100 O6,0,832.752,TG,16:0_16:0_18:1,50:01:00
TG(16:0_16:0_18:1) +NH4,C53 H100 O6,0,832.752,TG,16:0_16:0_18:1,50:01:00
TG(16:0_16:0_20:0) +NH4,C55 H106 O6,0,862.7989,TG,16:0_16:0_20:0,52:00:00
TG(16:0_16:1_11:1) +NH4,C46 H84 O6,0,732.6268,TG,16:0_16:1_11:1,43:02:00
TG(16:0_16:1_12:0) +NH4,C47 H88 O6,0,748.6581,TG,16:0_16:1_12:0,44:01:00
TG(16:0_16:1_14:0) +NH4,C49 H92 O6,0,776.6894,TG,16:0_16:1_14:0,46:01:00
TG(16:0_16:1_14:0) +NH4,C49 H92 O6,0,776.6894,TG,16:0_16:1_14:0,46:01:00
TG(16:0_16:1_16:0) +NH4,C51 H96 O6,0,804.7207,TG,16:0_16:1_16:0,48:01:00
TG(16:0_16:1_16:1) +NH4,C51 H94 O6,0,802.705,TG,16:0_16:1_16:1,48:02:00
TG(16:0_16:1_16:1) +NH4,C51 H94 O6,0,802.705,TG,16:0_16:1_16:1,48:02:00
TG(16:0_16:1_18:1) +NH4,C53 H98 O6,0,830.7363,TG,16:0_16:1_18:1,50:02:00
TG(16:0_16:1_18:1) +NH4,C53 H98 O6,0,830.7363,TG,16:0_16:1_18:1,50:02:00
TG(16:0_17:0_16:1) +NH4,C52 H98 O6,0,818.7363,TG,16:0_17:0_16:1,49:01:00
TG(16:0_17:0_18:1) +NH4,C54 H102 O6,0,846.7676,TG,16:0_17:0_18:1,51:01:00
TG(16:0_17:1_18:1) +NH4,C54 H100 O6,0,844.752,TG,16:0_17:1_18:1,51:02:00
TG(16:0_18:1_14:3) +NH4,C51 H90 O6,0,798.6737,TG,16:0_18:1_14:3,48:04:00
TG(16:0_18:1_16:0) +NH4,C53 H100 O6,0,832.752,TG,16:0_18:1_16:0,50:01:00
TG(16:0_18:1_16:0) +NH4,C53 H100 O6,0,832.752,TG,16:0_18:1_16:0,50:01:00
TG(16:0_18:1_16:1) +NH4,C53 H98 O6,0,830.7363,TG,16:0_18:1_16:1,50:02:00
TG(16:0_18:1_18:1) +NH4,C55 H102 O6,0,858.7676,TG,16:0_18:1_18:1,52:02:00
TG(16:0_18:1_18:1) +NH4,C55 H102 O6,0,858.7676,TG,16:0_18:1_18:1,52:02:00
TG(16:0_18:1_20:0) +NH4,C57 H108 O6,0,888.8146,TG,16:0_18:1_20:0,54:01:00
TG(16:0_18:1_6:0) +NH4,C43 H80 O6,0,692.5955,TG,16:0_18:1_6:0,40:01:00
TG(16:0_24:0_16:0) +NH4,C59 H114 O6,0,918.8615,TG,16:0_24:0_16:0,56:00:00
TG(16:1_12:0_14:0) +NH4,C45 H84 O6,0,720.6268,TG,16:1_12:0_14:0,42:01:00
TG(16:1_12:0_16:1) +NH4,C47 H86 O6,0,746.6424,TG,16:1_12:0_16:1,44:02:00
TG(16:1_13:0_16:0) +NH4,C48 H90 O6,0,762.6737,TG,16:1_13:0_16:0,45:01:00
TG(16:1_14:0_16:1) +NH4,C49 H90 O6,0,774.6737,TG,16:1_14:0_16:1,46:02:00
TG(16:1_14:1_16:1) +NH4,C49 H88 O6,0,772.6581,TG,16:1_14:1_16:1,46:03:00
TG(16:1_16:1_15:0) +NH4,C50 H92 O6,0,788.6894,TG,16:1_16:1_15:0,47:02:00
TG(16:1_16:1_16:0) +NH4,C51 H94 O6,0,802.705,TG,16:1_16:1_16:0,48:02:00
TG(16:1_16:1_16:0) +NH4,C51 H94 O6,0,802.705,TG,16:1_16:1_16:0,48:02:00
TG(16:1_16:1_16:1) +NH4,C51 H92 O6,0,800.6894,TG,16:1_16:1_16:1,48:03:00
TG(16:1_16:1_17:0) +NH4,C52 H96 O6,0,816.7207,TG,16:1_16:1_17:0,49:02:00
TG(16:1_16:1_17:1) +NH4,C52 H94 O6,0,814.705,TG,16:1_16:1_17:1,49:03:00
TG(16:1_16:1_18:1) +NH4,C53 H96 O6,0,828.7207,TG,16:1_16:1_18:1,50:03:00
TG(16:1_16:1_18:2) +NH4,C53 H94 O6,0,826.705,TG,16:1_16:1_18:2,50:04:00
TG(16:1_16:1_6:0) +NH4,C41 H74 O6,0,662.5485,TG,16:1_16:1_6:0,38:02:00
TG(16:1_18:1_16:0) +NH4,C53 H98 O6,0,830.7363,TG,16:1_18:1_16:0,50:02:00
TG(16:1_18:1_16:0) +NH4,C53 H98 O6,0,830.7363,TG,16:1_18:1_16:0,50:02:00
TG(16:1_18:1_17:1) +NH4,C54 H98 O6,0,842.7363,TG,16:1_18:1_17:1,51:03:00
TG(16:1_18:1_18:1) +NH4,C55 H100 O6,0,856.752,TG,16:1_18:1_18:1,52:03:00
TG(16:1_18:1_18:3) +NH4,C55 H96 O6,0,852.7207,TG,16:1_18:1_18:3,52:05:00
TG(16:1_18:1_6:0) +NH4,C43 H78 O6,0,690.5798,TG,16:1_18:1_6:0,40:02:00
TG(16:1_18:2_18:1) +NH4,C55 H98 O6,0,854.7363,TG,16:1_18:2_18:1,52:04:00
TG(16:1_18:3_16:1) +NH4,C53 H92 O6,0,824.6894,TG,16:1_18:3_16:1,50:05:00
TG(17:0_18:1_18:1) +NH4,C56 H104 O6,0,872.7833,TG,17:0_18:1_18:1,53:02:00
TG(18:0_18:1_16:0) +NH4,C55 H104 O6,0,860.7833,TG,18:0_18:1_16:0,52:01:00
TG(18:0_18:1_16:0) +NH4,C55 H104 O6,0,860.7833,TG,18:0_18:1_16:0,52:01:00
TG(18:0_20:0_16:0) +NH4,C57 H110 O6,0,890.8302,TG,18:0_20:0_16:0,54:00:00
TG(18:0e_16:0_18:1) +NH4,C55 H106 O5,0,846.804,TG,18:0e_16:0_18:1,52:1e
TG(18:0e_16:1_16:0) +NH4,C53 H102 O5,0,818.7727,TG,18:0e_16:1_16:0,50:1e
TG(18:0e_16:1_16:1) +NH4,C53 H100 O5,0,816.7571,TG,18:0e_16:1_16:1,50:2e
TG(18:0e_16:1_18:1) +NH4,C55 H104 O5,0,844.7884,TG,18:0e_16:1_18:1,52:2e
TG(18:1_11:1_16:0) +NH4,C48 H88 O6,0,760.6581,TG,18:1_11:1_16:0,45:02:00
TG(18:1_11:2_11:2) +NH4,C43 H72 O6,0,684.5329,TG,18:1_11:2_11:2,40:05:00
TG(18:1_18:1_16:0) +NH4,C55 H102 O6,0,858.7676,TG,18:1_18:1_16:0,52:02:00
TG(18:1_18:1_17:1) +NH4,C56 H102 O6,0,870.7676,TG,18:1_18:1_17:1,53:03:00
TG(18:1_18:1_18:0) +NH4,C57 H106 O6,0,886.7989,TG,18:1_18:1_18:0,54:02:00
TG(18:1_18:1_18:1) +NH4,C57 H104 O6,0,884.7833,TG,18:1_18:1_18:1,54:03:00
TG(18:1_18:1_18:2) +NH4,C57 H102 O6,0,882.7676,TG,18:1_18:1_18:2,54:04:00
TG(18:1_18:1_18:3) +NH4,C57 H100 O6,0,880.752,TG,18:1_18:1_18:3,54:05:00
TG(18:1_18:1_19:0) +NH4,C58 H108 O6,0,900.8146,TG,18:1_18:1_19:0,55:02:00
TG(18:1_18:1_6:0) +NH4,C45 H82 O6,0,718.6111,TG,18:1_18:1_6:0,42:02:00
TG(18:1_21:0_16:0) +NH4,C58 H110 O6,0,902.8302,TG,18:1_21:0_16:0,55:01:00
TG(18:1_22:0_16:0) +NH4,C59 H112 O6,0,916.8459,TG,18:1_22:0_16:0,56:01:00
TG(19:0_18:1_16:0) +NH4,C56 H106 O6,0,874.7989,TG,19:0_18:1_16:0,53:01:00
TG(20:0_18:1_18:1) +NH4,C59 H110 O6,0,914.8302,TG,20:0_18:1_18:1,56:02:00
TG(20:0e_16:0_18:1) +NH4,C57 H110 O5,0,874.8353,TG,20:0e_16:0_18:1,54:1e
TG(20:0e_16:1_18:1) +NH4,C57 H108 O5,0,872.8197,TG,20:0e_16:1_18:1,54:2e
TG(20:0e_18:1_18:1) +NH4,C59 H112 O5,0,900.851,TG,20:0e_18:1_18:1,56:2e
TG(20:1_18:1_18:1) +NH4,C59 H108 O6,0,912.8146,TG,20:1_18:1_18:1,56:03:00
TG(20:1e_16:1_18:1) +NH4,C57 H106 O5,0,870.804,TG,20:1e_16:1_18:1,54:3e
TG(20:1e_18:1_18:1) +NH4,C59 H110 O5,0,898.8353,TG,20:1e_18:1_18:1,56:3e
TG(22:1_24:2_18:1) +NH4,C67 H122 O6,0,1022.9241,TG,22:1_24:2_18:1,64:04:00
TG(22:6_10:1_12:4) +NH4,C47 H68 O6,0,728.5016,TG,22:6_10:1_12:4,44:11:00
TG(25:0_16:0_18:1) +NH4,C62 H118 O6,0,958.8928,TG,25:0_16:0_18:1,59:01:00
TG(26:0_16:0_16:0) +NH4,C61 H118 O6,0,946.8928,TG,26:0_16:0_16:0,58:00:00
TG(26:0_16:0_18:1) +NH4,C63 H120 O6,0,972.9085,TG,26:0_16:0_18:1,60:01:00
TG(26:0_16:1_16:0) +NH4,C61 H116 O6,0,944.8772,TG,26:0_16:1_16:0,58:01:00
TG(26:0_16:1_16:1) +NH4,C61 H114 O6,0,942.8615,TG,26:0_16:1_16:1,58:02:00
TG(26:1_18:1_16:0) +NH4,C63 H118 O6,0,970.8928,TG,26:1_18:1_16:0,60:02:00
TG(26:1_18:1_16:1) +NH4,C63 H116 O6,0,968.8772,TG,26:1_18:1_16:1,60:03:00
TG(26:1_18:1_18:1) +NH4,C65 H120 O6,0,996.9085,TG,26:1_18:1_18:1,62:03:00
TG(27:0_18:1_16:0) +NH4,C64 H122 O6,0,986.9241,TG,27:0_18:1_16:0,61:01:00
TG(28:0_18:1_16:0) +NH4,C65 H124 O6,0,1000.9398,TG,28:0_18:1_16:0,62:01:00
TG(28:0_22:1_16:0) +NH4,C69 H132 O6,0,1057.0024,TG,28:0_22:1_16:0,66:01:00
TG(28:1_16:1_18:2) +NH4,C65 H118 O6,0,994.8928,TG,28:1_16:1_18:2,62:04:00
TG(28:1_18:1_16:0) +NH4,C65 H122 O6,0,998.9241,TG,28:1_18:1_16:0,62:02:00
TG(28:1_18:1_18:1) +NH4,C67 H124 O6,0,1024.9398,TG,28:1_18:1_18:1,64:03:00
TG(30:0_18:1_16:0) +NH4,C67 H128 O6,0,1028.9711,TG,30:0_18:1_16:0,64:01:00
TG(30:0_18:1_18:1) +NH4,C69 H130 O6,0,1054.9867,TG,30:0_18:1_18:1,66:02:00
TG(30:1_18:1_16:0) +NH4,C67 H126 O6,0,1026.9554,TG,30:1_18:1_16:0,64:02:00
TG(4:0_10:1_11:3) +NH4,C28 H44 O6,0,476.3138,TG,4:0_10:1_11:3,25:04:00
TG(4:0_11:1_20:0) +NH4,C38 H70 O6,0,622.5172,TG,4:0_11:1_20:0,35:01:00
TG(4:0_14:1_14:0) +NH4,C35 H64 O6,0,580.4703,TG,4:0_14:1_14:0,32:01:00
TG(4:0_14:1_16:0) +NH4,C37 H68 O6,0,608.5016,TG,4:0_14:1_16:0,34:01:00
TG(4:0_14:1_16:1) +NH4,C37 H66 O6,0,606.4859,TG,4:0_14:1_16:1,34:02:00
TG(4:0_16:0_14:0) +NH4,C37 H70 O6,0,610.5172,TG,4:0_16:0_14:0,34:00:00
TG(4:0_16:0_16:0) +NH4,C39 H74 O6,0,638.5485,TG,4:0_16:0_16:0,36:00:00
TG(4:0_16:0_18:1) +NH4,C41 H76 O6,0,664.5642,TG,4:0_16:0_18:1,38:01:00
TG(4:0_16:0_18:3) +NH4,C41 H72 O6,0,660.5329,TG,4:0_16:0_18:3,38:03:00
TG(4:0_16:0_22:5) +NH4,C45 H76 O6,0,712.5642,TG,4:0_16:0_22:5,42:05:00
TG(4:0_16:1_14:0) +NH4,C37 H68 O6,0,608.5016,TG,4:0_16:1_14:0,34:01:00
TG(4:0_16:1_16:0) +NH4,C39 H72 O6,0,636.5329,TG,4:0_16:1_16:0,36:01:00
TG(4:0_16:1_16:0) +NH4,C39 H72 O6,0,636.5329,TG,4:0_16:1_16:0,36:01:00
TG(4:0_16:1_16:0) +NH4,C39 H72 O6,0,636.5329,TG,4:0_16:1_16:0,36:01:00
TG(4:0_16:1_16:0) +NH4,C39 H72 O6,0,636.5329,TG,4:0_16:1_16:0,36:01:00
TG(4:0_16:1_16:1) +NH4,C39 H70 O6,0,634.5172,TG,4:0_16:1_16:1,36:02:00
TG(4:0_16:1_16:1) +NH4,C39 H70 O6,0,634.5172,TG,4:0_16:1_16:1,36:02:00
TG(4:0_16:1_17:1) +NH4,C40 H72 O6,0,648.5329,TG,4:0_16:1_17:1,37:02:00
TG(4:0_16:1_18:1) +NH4,C41 H74 O6,0,662.5485,TG,4:0_16:1_18:1,38:02:00
TG(4:0_16:1_18:1) +NH4,C41 H74 O6,0,662.5485,TG,4:0_16:1_18:1,38:02:00
TG(4:0_16:1_18:2) +NH4,C41 H72 O6,0,660.5329,TG,4:0_16:1_18:2,38:03:00
TG(4:0_16:1_6:0) +NH4,C29 H52 O6,0,496.3764,TG,4:0_16:1_6:0,26:01:00
TG(4:0_17:1_16:0) +NH4,C40 H74 O6,0,650.5485,TG,4:0_17:1_16:0,37:01:00
TG(4:0_17:1_18:1) +NH4,C42 H76 O6,0,676.5642,TG,4:0_17:1_18:1,39:02:00
TG(4:0_18:1_16:0) +NH4,C41 H76 O6,0,664.5642,TG,4:0_18:1_16:0,38:01:00
TG(4:0_18:1_16:1) +NH4,C41 H74 O6,0,662.5485,TG,4:0_18:1_16:1,38:02:00
TG(4:0_18:1_17:0) +NH4,C42 H78 O6,0,678.5798,TG,4:0_18:1_17:0,39:01:00
TG(4:0_18:1_18:1) +NH4,C43 H78 O6,0,690.5798,TG,4:0_18:1_18:1,40:02:00
TG(4:0_18:1_20:0) +NH4,C45 H84 O6,0,720.6268,TG,4:0_18:1_20:0,42:01:00
TG(4:0_18:2_18:1) +NH4,C43 H76 O6,0,688.5642,TG,4:0_18:2_18:1,40:03:00
TG(4:0_9:0_11:1) +NH4,C27 H48 O6,0,468.3451,TG,4:0_9:0_11:1,24:01:00
TG(6:0_11:1_23:0) +NH4,C43 H80 O6,0,692.5955,TG,6:0_11:1_23:0,40:01:00
PA(36:0_22:0),C61 H121 O8 N0 P1,#NAME?,1012.8799,PA,36:0_22:0,58:00:00
PA(40:0e),C43 H87 O7 N0 P1,#NAME?,746.6189,PA,40:0e,40:0e
PA(43:2),C46 H87 O8 N0 P1,#NAME?,798.6139,PA,43:02:00,43:02:00
PA(43:2),C46 H87 O8 N0 P1,#NAME?,798.6139,PA,43:02:00,43:02:00
PA(58:0),C61 H121 O8 N0 P1,#NAME?,1012.8799,PA,58:00:00,58:00:00
PA(60:0),C63 H125 O8 N0 P1,#NAME?,1040.9112,PA,60:00:00,60:00:00
PE(16:0_18:1),C39 H76 O8 N1 P1,#NAME?,717.5309,PE,16:0_18:1,34:01:00
PE(16:0e_16:1),C37 H74 O7 N1 P1,#NAME?,675.5203,PE,16:0e_16:1,32:1e
PE(16:0e_18:1),C39 H78 O7 N1 P1,#NAME?,703.5516,PE,16:0e_18:1,34:1e
PE(16:1e_18:1),C39 H76 O7 N1 P1,#NAME?,701.5359,PE,16:1e_18:1,34:2e
PE(18:0_18:1),C41 H80 O8 N1 P1,#NAME?,745.5622,PE,18:0_18:1,36:01:00
PE(18:0e_16:1),C39 H78 O7 N1 P1,#NAME?,703.5516,PE,18:0e_16:1,34:1e
PE(18:0e_18:0),C41 H84 O7 N1 P1,#NAME?,733.5985,PE,18:0e_18:0,36:0e
PE(18:1_18:1),C41 H78 O8 N1 P1,#NAME?,743.5465,PE,18:1_18:1,36:02:00
PE(18:1e_18:1),C41 H80 O7 N1 P1,#NAME?,729.5672,PE,18:1e_18:1,36:2e
PE(18:1e_18:1),C41 H80 O7 N1 P1,#NAME?,729.5672,PE,18:1e_18:1,36:2e
PE(18:1e_18:2),C41 H78 O7 N1 P1,#NAME?,727.5516,PE,18:1e_18:2,36:3e
PE(18:1e_18:3),C41 H76 O7 N1 P1,#NAME?,725.5359,PE,18:1e_18:3,36:4e
PE(19:0_18:1),C42 H82 O8 N1 P1,#NAME?,759.5778,PE,19:0_18:1,37:01:00
PE(20:0_18:2),C43 H82 O8 N1 P1,#NAME?,771.5778,PE,20:0_18:2,38:02:00
PE(20:1e_18:1),C43 H84 O7 N1 P1,#NAME?,757.5985,PE,20:1e_18:1,38:2e
PE(34:2),C39 H74 O8 N1 P1,#NAME?,715.5152,PE,34:02:00,34:02:00
PE(8:1e_10:0),C23 H46 O7 N1 P1,#NAME?,479.3012,PE,8:1e_10:0,18:1e
PG(16:0_16:1),C38 H73 O10 N0 P1,#NAME?,720.4941,PG,16:0_16:1,32:01:00
PG(16:0_18:1),C40 H77 O10 N0 P1,#NAME?,748.5254,PG,16:0_18:1,34:01:00
PG(16:0_18:2),C40 H75 O10 N0 P1,#NAME?,746.5098,PG,16:0_18:2,34:02:00
PG(16:0_18:3),C40 H73 O10 N0 P1,#NAME?,744.4941,PG,16:0_18:3,34:03:00
PG(16:1_16:1),C38 H71 O10 N0 P1,#NAME?,718.4785,PG,16:1_16:1,32:02:00
PG(16:1_18:3),C40 H71 O10 N0 P1,#NAME?,742.4785,PG,16:1_18:3,34:04:00
PG(18:1_18:1),C42 H79 O10 N0 P1,#NAME?,774.5411,PG,18:1_18:1,36:02:00
PG(18:1_18:2),C42 H77 O10 N0 P1,#NAME?,772.5254,PG,18:1_18:2,36:03:00
PG(18:3_18:2),C42 H73 O10 N0 P1,#NAME?,768.4941,PG,18:3_18:2,36:05:00
PG(18:3_18:3),C42 H71 O10 N0 P1,#NAME?,766.4785,PG,18:3_18:3,36:06:00
PG(26:5),C32 H53 O10 N0 P1,#NAME?,628.3376,PG,26:05:00,26:05:00
PG(28:6),C34 H55 O10 N0 P1,#NAME?,654.3533,PG,28:06:00,28:06:00
PG(40:3e),C46 H87 O9 N0 P1,#NAME?,814.6088,PG,40:3e,40:3e
PI(16:0_14:1),C39 H73 O13 N0 P1,#NAME?,780.4789,PI,16:0_14:1,30:01:00
PI(16:0_16:1),C41 H77 O13 N0 P1,#NAME?,808.5102,PI,16:0_16:1,32:01:00
PI(16:0_18:1),C43 H81 O13 N0 P1,#NAME?,836.5415,PI,16:0_18:1,34:01:00
PI(16:0_18:3),C43 H77 O13 N0 P1,#NAME?,832.5102,PI,16:0_18:3,34:03:00
PI(16:1_16:1),C41 H75 O13 N0 P1,#NAME?,806.4945,PI,16:1_16:1,32:02:00
PI(16:1_18:1),C43 H79 O13 N0 P1,#NAME?,834.5258,PI,16:1_18:1,34:02:00
PI(16:1_18:3),C43 H75 O13 N0 P1,#NAME?,830.4945,PI,16:1_18:3,34:04:00
PI(18:0_18:1),C45 H85 O13 N0 P1,#NAME?,864.5728,PI,18:0_18:1,36:01:00
PI(18:0_18:2),C45 H83 O13 N0 P1,#NAME?,862.5571,PI,18:0_18:2,36:02:00
PI(18:0_18:3),C45 H81 O13 N0 P1,#NAME?,860.5415,PI,18:0_18:3,36:03:00
PI(18:1_18:1),C45 H83 O13 N0 P1,#NAME?,862.5571,PI,18:1_18:1,36:02:00
PI(18:1_18:2),C45 H81 O13 N0 P1,#NAME?,860.5415,PI,18:1_18:2,36:03:00
PI(18:2_18:2),C45 H79 O13 N0 P1,#NAME?,858.5258,PI,18:2_18:2,36:04:00
PI(18:3_18:2),C45 H77 O13 N0 P1,#NAME?,856.5102,PI,18:3_18:2,36:05:00
PI(18:3_18:3),C45 H75 O13 N0 P1,#NAME?,854.4945,PI,18:3_18:3,36:06:00
PI(30:1),C39 H73 O13 N0 P1,#NAME?,780.4789,PI,30:01:00,30:01:00
PS(16:0_18:1),C40 H76 O10 N1 P1,#NAME?,761.5207,PS,16:0_18:1,34:01:00
PS(16:1_16:1),C38 H70 O10 N1 P1,#NAME?,731.4737,PS,16:1_16:1,32:02:00
PS(16:1_18:3),C40 H70 O10 N1 P1,#NAME?,755.4737,PS,16:1_18:3,34:04:00
PS(18:1_20:2),C44 H80 O10 N1 P1,#NAME?,813.552,PS,18:1_20:2,38:03:00
PS(18:1_20:4),C44 H76 O10 N1 P1,#NAME?,809.5207,PS,18:1_20:4,38:05:00
PS(18:3_18:3),C42 H70 O10 N1 P1,#NAME?,779.4737,PS,18:3_18:3,36:06:00
PS(21:0),C27 H52 O10 N1 P1,#NAME?,581.3329,PS,21:00,21:00
PS(21:0e),C27 H54 O9 N1 P1,#NAME?,567.3536,PS,21:0e,21:0e
PS(24:1e),C30 H58 O9 N1 P1,#NAME?,607.3849,PS,24:1e,24:1e
PS(26:2e),C32 H60 O9 N1 P1,#NAME?,633.4006,PS,26:2e,26:2e
PS(33:0),C39 H76 O10 N1 P1,#NAME?,749.5207,PS,33:00:00,33:00:00
PS(33:2),C39 H72 O10 N1 P1,#NAME?,745.4894,PS,33:02:00,33:02:00
PS(34:4),C40 H70 O10 N1 P1,#NAME?,755.4737,PS,34:04:00,34:04:00
PS(36:3),C42 H76 O10 N1 P1,#NAME?,785.5207,PS,36:03:00,36:03:00
PS(36:4),C42 H74 O10 N1 P1,#NAME?,783.505,PS,36:04:00,36:04:00
PS(37:0),C43 H84 O10 N1 P1,#NAME?,805.5833,PS,37:00:00,37:00:00
PS(37:1),C43 H82 O10 N1 P1,#NAME?,803.5676,PS,37:01:00,37:01:00
PS(37:1),C43 H82 O10 N1 P1,#NAME?,803.5676,PS,37:01:00,37:01:00
PS(37:2),C43 H80 O10 N1 P1,#NAME?,801.552,PS,37:02:00,37:02:00
PS(38:3e),C44 H82 O9 N1 P1,#NAME?,799.5727,PS,38:3e,38:3e
PS(38:4),C44 H78 O10 N1 P1,#NAME?,811.5363,PS,38:04:00,38:04:00
PS(38:4e),C44 H80 O9 N1 P1,#NAME?,797.5571,PS,38:4e,38:4e
PS(38:4e),C44 H80 O9 N1 P1,#NAME?,797.5571,PS,38:4e,38:4e
PS(38:5),C44 H76 O10 N1 P1,#NAME?,809.5207,PS,38:05:00,38:05:00
PS(38:5e),C44 H78 O9 N1 P1,#NAME?,795.5414,PS,38:5e,38:5e
PS(38:6),C44 H74 O10 N1 P1,#NAME?,807.505,PS,38:06:00,38:06:00
PS(38:8),C44 H70 O10 N1 P1,#NAME?,803.4737,PS,38:08:00,38:08:00
PS(39:1),C45 H86 O10 N1 P1,#NAME?,831.5989,PS,39:01:00,39:01:00
PS(39:2e),C45 H86 O9 N1 P1,#NAME?,815.604,PS,39:2e,39:2e
